idx,crop_time,num_crop,early_exit,num_selected_crop,s1_time,s1_tflops,s1_hit,s2_time,s2_tflops,s2_hit,total_time,total_flops_gflops,acc_uptonow,filename,instruction
1,0.218,1,ğŸ«¥,0,0.000,0.00,âœ…,4.600,19.00,âœ…,4.818,19.00,100.00,mobile_1ca5b944-293a-46a1-af95-eb35bc8a0b2a,check the weather
2,0.208,1,ğŸ«¥,0,0.000,0.00,âœ…,0.944,19.01,âœ…,1.152,19.01,100.00,mobile_1ca5b944-293a-46a1-af95-eb35bc8a0b2a,view world clock
3,0.210,1,ğŸ«¥,0,0.000,0.00,âœ…,0.924,19.03,âœ…,1.133,19.03,100.00,mobile_1ca5b944-293a-46a1-af95-eb35bc8a0b2a,open facetime app
4,0.196,1,ğŸ«¥,0,0.000,0.00,âœ…,0.942,19.03,âœ…,1.138,19.03,100.00,mobile_1ca5b944-293a-46a1-af95-eb35bc8a0b2a,open the camera
5,0.154,2,ğŸ«¥,1,0.347,5.30,âœ…,0.588,10.51,âŒ,1.088,15.81,80.00,mobile_6949b916-64c8-431f-8842-a29a9a557641,view the menu
6,0.144,2,â˜‘ï¸,0,0.325,5.30,âŒ,0.000,0.00,âŒ,0.470,5.30,66.67,mobile_6949b916-64c8-431f-8842-a29a9a557641,select source language
7,0.133,2,ğŸ«¥,1,0.325,5.30,âœ…,0.580,10.53,âœ…,1.037,15.83,71.43,mobile_6949b916-64c8-431f-8842-a29a9a557641,close the translation
8,0.134,2,â˜‘ï¸,0,0.324,5.31,âœ…,0.000,0.00,âœ…,0.458,5.31,75.00,mobile_702eab66-81f1-4aac-a252-37b5f7c3ae68,translate the input sentence
9,0.170,1,ğŸ«¥,0,0.000,0.00,âœ…,0.931,19.12,âœ…,1.101,19.12,77.78,mobile_a1366f87-f1f1-402c-911a-d239eb60eac8,add a new file
10,0.172,1,ğŸ«¥,0,0.000,0.00,âœ…,0.927,19.14,âœ…,1.099,19.14,80.00,mobile_a1366f87-f1f1-402c-911a-d239eb60eac8,click the search bar
11,0.176,1,ğŸ«¥,0,0.000,0.00,âœ…,0.915,19.16,âœ…,1.091,19.16,81.82,mobile_a1366f87-f1f1-402c-911a-d239eb60eac8,view the settings in this app
12,0.160,1,ğŸ«¥,0,0.000,0.00,âœ…,0.946,19.15,âœ…,1.106,19.15,83.33,mobile_a1366f87-f1f1-402c-911a-d239eb60eac8,check shared files
13,0.147,5,â˜‘ï¸,0,0.364,5.06,âœ…,0.000,0.00,âœ…,0.511,5.06,84.62,mobile_c71efbd9-cd10-4564-949e-50b3b034328a,add an event
14,0.142,5,â˜‘ï¸,0,0.341,5.06,âœ…,0.000,0.00,âœ…,0.483,5.06,85.71,mobile_c71efbd9-cd10-4564-949e-50b3b034328a,search event
15,0.163,5,ğŸ«¥,1,0.340,5.07,âœ…,0.360,4.45,âœ…,0.863,9.52,86.67,mobile_c71efbd9-cd10-4564-949e-50b3b034328a,view as year
16,0.138,5,ğŸ«¥,1,0.352,5.08,âœ…,0.355,3.92,âœ…,0.845,9.00,87.50,mobile_c71efbd9-cd10-4564-949e-50b3b034328a,the fifth in this month
17,0.253,1,ğŸ«¥,0,0.000,0.00,âœ…,0.944,19.25,âœ…,1.197,19.25,88.24,mobile_1c1d54b4-5ac1-40cd-9dc6-21a8d3c97d6e,click to lock rotation
18,0.247,1,ğŸ«¥,0,0.000,0.00,âœ…,0.931,19.26,âœ…,1.177,19.26,88.89,mobile_1c1d54b4-5ac1-40cd-9dc6-21a8d3c97d6e,close do not disturb
19,0.250,1,ğŸ«¥,0,0.000,0.00,âœ…,0.936,19.26,âœ…,1.186,19.26,89.47,mobile_1c1d54b4-5ac1-40cd-9dc6-21a8d3c97d6e,adjust the voice
20,0.238,1,ğŸ«¥,0,0.000,0.00,âœ…,0.928,19.28,âœ…,1.166,19.28,90.00,mobile_1c1d54b4-5ac1-40cd-9dc6-21a8d3c97d6e,open the timer
21,0.218,2,ğŸ«¥,1,0.331,5.33,âœ…,0.793,10.61,âŒ,1.342,15.93,85.71,mobile_0570bb62-77b0-4d1d-90f4-5e322c2bca17,Check handwriting mode options
22,0.199,2,ğŸ«¥,1,0.318,5.32,âœ…,0.567,10.61,âœ…,1.083,15.93,86.36,mobile_0570bb62-77b0-4d1d-90f4-5e322c2bca17,take a photo
23,0.185,2,â˜‘ï¸,0,0.322,5.35,âœ…,0.000,0.00,âœ…,0.507,5.35,86.96,mobile_4b1df148-c6ac-452a-b55d-f8e6c6dee059,"open the file named ""result"""
24,0.148,2,ğŸ«¥,1,0.321,5.33,âœ…,0.619,5.78,âœ…,1.088,11.11,87.50,mobile_4b1df148-c6ac-452a-b55d-f8e6c6dee059,view icloud drive
25,0.177,2,â˜‘ï¸,0,0.320,5.34,âœ…,0.000,0.00,âœ…,0.497,5.34,88.00,mobile_4b1df148-c6ac-452a-b55d-f8e6c6dee059,add a new file
26,0.193,1,ğŸ«¥,0,0.000,0.00,âœ…,0.911,19.39,âœ…,1.104,19.39,88.46,mobile_a8181231-d30c-4051-9ff2-16808694adbf,search in this note
27,0.150,1,ğŸ«¥,0,0.000,0.00,âœ…,0.907,19.40,âœ…,1.057,19.40,88.89,mobile_a8181231-d30c-4051-9ff2-16808694adbf,add a new page
28,0.155,1,ğŸ«¥,0,0.000,0.00,âœ…,0.920,19.41,âœ…,1.075,19.41,89.29,mobile_a8181231-d30c-4051-9ff2-16808694adbf,get more information
29,0.141,2,â˜‘ï¸,0,0.338,5.34,âœ…,0.000,0.00,âœ…,0.478,5.34,89.66,mobile_5313a7b6-4c3a-442f-a5d3-6d53fc8d3ad9,tap the search bar
30,0.133,2,ğŸ«¥,1,0.334,5.34,âœ…,0.457,7.42,âœ…,0.924,12.76,90.00,mobile_5313a7b6-4c3a-442f-a5d3-6d53fc8d3ad9,check the pinned files
31,0.142,2,ğŸ«¥,1,0.334,5.33,âœ…,0.642,12.03,âœ…,1.117,17.36,90.32,mobile_5313a7b6-4c3a-442f-a5d3-6d53fc8d3ad9,sign in
32,0.185,3,â˜‘ï¸,0,0.291,4.04,âœ…,0.000,0.00,âœ…,0.476,4.04,90.62,mobile_1a514eae-4ee0-4780-a059-c47715828e3b,open flight mode
33,0.166,3,â˜‘ï¸,0,0.291,4.05,âœ…,0.000,0.00,âœ…,0.456,4.05,90.91,mobile_1a514eae-4ee0-4780-a059-c47715828e3b,open the calculator app
34,0.184,3,ğŸ«¥,1,0.294,4.05,âœ…,0.534,9.82,âŒ,1.012,13.87,88.24,mobile_1a514eae-4ee0-4780-a059-c47715828e3b,open the screen recorder
35,0.165,3,ğŸ«¥,1,0.290,4.05,âœ…,0.531,9.83,âœ…,0.985,13.88,88.57,mobile_1a514eae-4ee0-4780-a059-c47715828e3b,switch on focus mode
36,0.172,3,â˜‘ï¸,0,0.272,3.92,âœ…,0.000,0.00,âœ…,0.444,3.92,88.89,mobile_93dec21b-d612-41df-9f76-933ceadaba66,launch the photos app
37,0.172,3,â˜‘ï¸,0,0.270,3.92,âœ…,0.000,0.00,âœ…,0.443,3.92,89.19,mobile_93dec21b-d612-41df-9f76-933ceadaba66,open the clock
38,0.175,3,â˜‘ï¸,0,0.273,3.92,âœ…,0.000,0.00,âœ…,0.447,3.92,89.47,mobile_93dec21b-d612-41df-9f76-933ceadaba66,open the app store
39,0.173,3,â˜‘ï¸,0,0.271,3.92,âœ…,0.000,0.00,âœ…,0.445,3.92,89.74,mobile_93dec21b-d612-41df-9f76-933ceadaba66,check iphone settings
40,0.153,1,ğŸ«¥,0,0.000,0.00,âœ…,0.703,14.57,âœ…,0.857,14.57,90.00,mobile_3925834b-893d-4cdf-b9cf-a602466175f3,check the new ios 17.2.1
41,0.148,1,ğŸ«¥,0,0.000,0.00,âœ…,0.690,14.52,âœ…,0.838,14.52,90.24,mobile_3925834b-893d-4cdf-b9cf-a602466175f3,check wlan settings
42,0.141,1,ğŸ«¥,0,0.000,0.00,âœ…,0.693,14.52,âœ…,0.834,14.52,90.48,mobile_3925834b-893d-4cdf-b9cf-a602466175f3,check bluetooth
43,0.142,1,ğŸ«¥,0,0.000,0.00,âœ…,0.686,14.53,âœ…,0.828,14.53,90.70,mobile_3925834b-893d-4cdf-b9cf-a602466175f3,check vpn settings
44,0.150,1,ğŸ«¥,0,0.000,0.00,âœ…,0.698,14.54,âœ…,0.849,14.54,90.91,mobile_9b66c296-5f43-4312-b933-4dfabf00247c,view icloud
45,0.142,1,ğŸ«¥,0,0.000,0.00,âœ…,0.692,14.55,âœ…,0.834,14.55,91.11,mobile_9b66c296-5f43-4312-b933-4dfabf00247c,back to settings
46,0.142,1,ğŸ«¥,0,0.000,0.00,âœ…,0.698,14.57,âœ…,0.840,14.57,91.30,mobile_9b66c296-5f43-4312-b933-4dfabf00247c,view password & security details
47,0.134,2,ğŸ«¥,1,0.275,3.91,âœ…,0.700,13.37,âŒ,1.109,17.28,89.36,mobile_5c9fb5f1-7d84-4283-8ba4-7821a9545c95,open the wlan
48,0.115,2,ğŸ«¥,1,0.276,3.92,âœ…,0.683,13.39,âœ…,1.074,17.31,89.58,mobile_5c9fb5f1-7d84-4283-8ba4-7821a9545c95,edit the wlan setting
49,0.115,2,ğŸ«¥,1,0.281,3.94,âœ…,0.696,13.43,âœ…,1.092,17.37,89.80,mobile_5c9fb5f1-7d84-4283-8ba4-7821a9545c95,choose the pjlab-guest as network
50,0.112,2,ğŸ«¥,1,0.276,3.94,âœ…,0.689,13.43,âœ…,1.076,17.37,90.00,mobile_5c9fb5f1-7d84-4283-8ba4-7821a9545c95,view detail information about pjlab-office
51,0.114,2,ğŸ«¥,1,0.302,4.05,âœ…,0.673,12.70,âœ…,1.090,16.75,90.20,mobile_70580ad8-f119-4db6-813b-81f950e0569e,choose the stack mode
52,0.113,2,ğŸ«¥,1,0.297,4.05,âœ…,0.679,12.70,âœ…,1.089,16.75,90.38,mobile_70580ad8-f119-4db6-813b-81f950e0569e,check scheduled summary
53,0.114,2,ğŸ«¥,1,0.294,4.05,âœ…,0.664,12.71,âœ…,1.073,16.76,90.57,mobile_70580ad8-f119-4db6-813b-81f950e0569e,check announce notifications
54,0.110,1,ğŸ«¥,0,0.000,0.00,âœ…,0.701,14.68,âœ…,0.811,14.68,90.74,mobile_8e7e6de4-2eac-400c-b845-291fa80c5c7c,check airdrop setting
55,0.121,1,ğŸ«¥,0,0.000,0.00,âœ…,0.707,14.68,âœ…,0.828,14.68,90.91,mobile_8e7e6de4-2eac-400c-b845-291fa80c5c7c,view carplay settings
56,0.114,1,ğŸ«¥,0,0.000,0.00,âœ…,0.687,14.68,âœ…,0.801,14.68,91.07,mobile_8e7e6de4-2eac-400c-b845-291fa80c5c7c,view iphone storage
57,0.112,1,ğŸ«¥,0,0.000,0.00,âœ…,0.683,14.69,âœ…,0.794,14.69,91.23,mobile_8e7e6de4-2eac-400c-b845-291fa80c5c7c,check keyboard settings
58,0.118,1,ğŸ«¥,0,0.000,0.00,âœ…,0.700,14.73,âœ…,0.817,14.73,91.38,mobile_db81809e-7672-4329-8453-f622d97fa7ca,disable the allow siri when locked option
59,0.112,1,ğŸ«¥,0,0.000,0.00,âœ…,0.694,14.70,âœ…,0.806,14.70,91.53,mobile_db81809e-7672-4329-8453-f622d97fa7ca,show suggestions
60,0.115,1,ğŸ«¥,0,0.000,0.00,âœ…,0.690,14.74,âœ…,0.804,14.74,91.67,mobile_db81809e-7672-4329-8453-f622d97fa7ca,view siri & dictation history
61,0.113,4,ğŸ«¥,1,0.281,3.83,âœ…,0.424,7.03,âœ…,0.818,10.87,91.80,mobile_e3249127-d727-4553-9a2a-db645f430d9b,view battery health & charging settings
62,0.112,4,ğŸ«¥,1,0.278,3.86,âœ…,0.272,3.01,âœ…,0.662,6.87,91.94,mobile_e3249127-d727-4553-9a2a-db645f430d9b,choose last 10 days data details of battery
63,0.119,4,ğŸ«¥,1,0.280,3.83,âœ…,0.438,7.03,âœ…,0.837,10.86,92.06,mobile_e3249127-d727-4553-9a2a-db645f430d9b,turn on low power mode
64,0.173,3,ğŸ«¥,3,0.277,3.94,âœ…,0.795,15.47,âŒ,1.245,19.41,90.62,mobile_907cb7d2-9953-476e-b589-5526587c3913,take a photo
65,0.173,3,ğŸ«¥,1,0.279,3.96,âœ…,0.461,8.01,âœ…,0.912,11.97,90.77,mobile_907cb7d2-9953-476e-b589-5526587c3913,switch to 0.5x
66,0.174,3,ğŸ«¥,1,0.279,3.94,âŒ,0.301,3.78,âŒ,0.753,7.72,89.39,mobile_907cb7d2-9953-476e-b589-5526587c3913,invert the lens
67,0.173,3,â˜‘ï¸,0,0.281,3.95,âœ…,0.000,0.00,âœ…,0.454,3.95,89.55,mobile_907cb7d2-9953-476e-b589-5526587c3913,switch to portrait mode
68,0.127,3,â˜‘ï¸,0,0.301,4.07,âœ…,0.000,0.00,âœ…,0.429,4.07,89.71,mobile_f1247381-fcf6-440f-8787-19bce69e28de,add an event
69,0.121,3,â˜‘ï¸,0,0.296,4.10,âœ…,0.000,0.00,âœ…,0.417,4.10,89.86,mobile_f1247381-fcf6-440f-8787-19bce69e28de,back to 2023
70,0.121,3,â˜‘ï¸,0,0.308,4.08,âœ…,0.000,0.00,âœ…,0.429,4.08,90.00,mobile_f1247381-fcf6-440f-8787-19bce69e28de,search in the calendar
71,0.121,3,â˜‘ï¸,0,0.296,4.07,âœ…,0.000,0.00,âœ…,0.417,4.07,90.14,mobile_f1247381-fcf6-440f-8787-19bce69e28de,check inbox
72,0.122,3,ğŸ«¥,1,0.295,4.10,âœ…,0.447,7.38,âœ…,0.864,11.48,90.28,mobile_f1247381-fcf6-440f-8787-19bce69e28de,View December 28th
73,0.117,3,â˜‘ï¸,0,0.290,4.08,âœ…,0.000,0.00,âœ…,0.407,4.08,90.41,mobile_e9d69310-692c-4a78-8b8d-b961a5cfec70,cancel the event
74,0.116,3,ğŸ«¥,1,0.291,4.08,âœ…,0.470,8.02,âœ…,0.876,12.10,90.54,mobile_e9d69310-692c-4a78-8b8d-b961a5cfec70,set the repeat mode
75,0.118,3,â˜‘ï¸,0,0.295,4.08,âœ…,0.000,0.00,âœ…,0.413,4.08,90.67,mobile_1f9b6434-df6c-4c95-b325-4f7a4d90d304,start a timer
76,0.112,3,ğŸ«¥,1,0.294,4.11,âŒ,0.364,5.25,âŒ,0.770,9.35,89.47,mobile_1f9b6434-df6c-4c95-b325-4f7a4d90d304,Check alarm sound settings for timer end
77,0.112,3,ğŸ«¥,1,0.293,4.07,âœ…,0.356,5.22,âœ…,0.761,9.29,89.61,mobile_1f9b6434-df6c-4c95-b325-4f7a4d90d304,view alarm
78,0.140,2,â˜‘ï¸,0,0.290,4.08,âœ…,0.000,0.00,âœ…,0.430,4.08,89.74,mobile_e0fb2f66-6e2c-42d6-8cfd-34e510f1ab2e,add funds to apple id
79,0.146,2,ğŸ«¥,1,0.286,4.06,âœ…,0.558,10.74,âœ…,0.990,14.80,89.87,mobile_e0fb2f66-6e2c-42d6-8cfd-34e510f1ab2e,view notifications
80,0.183,3,ğŸ«¥,1,0.280,3.96,âœ…,0.489,8.70,âœ…,0.953,12.66,90.00,mobile_2b707da9-bf86-410d-b886-cba08b6efb35,switch on personal hotspot
81,0.180,3,â˜‘ï¸,0,0.281,3.96,âœ…,0.000,0.00,âœ…,0.461,3.96,90.12,mobile_2b707da9-bf86-410d-b886-cba08b6efb35,view airdrop setting
82,0.179,3,ğŸ«¥,1,0.279,3.95,âœ…,0.735,8.70,âœ…,1.193,12.65,90.24,mobile_2b707da9-bf86-410d-b886-cba08b6efb35,open airplane mode
83,0.135,3,â˜‘ï¸,0,0.290,4.09,âœ…,0.000,0.00,âœ…,0.425,4.09,90.36,mobile_0affae67-191e-43fa-890d-778555ffbab0,check my account
84,0.135,3,â˜‘ï¸,0,0.291,4.09,âœ…,0.000,0.00,âœ…,0.427,4.09,90.48,mobile_0affae67-191e-43fa-890d-778555ffbab0,tap the search bar
85,0.135,3,ğŸ«¥,1,0.298,4.09,âœ…,0.402,6.77,âœ…,0.836,10.85,90.59,mobile_0affae67-191e-43fa-890d-778555ffbab0,cancel the ads
86,0.135,3,ğŸ«¥,1,0.289,4.11,âœ…,0.405,6.79,âœ…,0.829,10.90,90.70,mobile_0affae67-191e-43fa-890d-778555ffbab0,"tap ""try it free"""
87,0.135,3,ğŸ«¥,1,0.290,4.08,âœ…,0.348,4.94,âœ…,0.773,9.02,90.80,mobile_0affae67-191e-43fa-890d-778555ffbab0,view library
88,0.127,4,ğŸ«¥,1,0.299,4.10,âŒ,0.338,4.36,âŒ,0.764,8.46,89.77,mobile_5fb77d07-dd26-4a0c-959b-7c74fd49d22f,cancel subscription
89,0.169,1,ğŸ«¥,0,0.000,0.00,âœ…,0.721,15.05,âœ…,0.891,15.05,89.89,mobile_8da8fbf4-c2b0-495f-88d3-9eb682c15ce7,shuffle the music list
90,0.173,1,ğŸ«¥,0,0.000,0.00,âŒ,0.690,15.05,âŒ,0.863,15.05,88.89,mobile_8da8fbf4-c2b0-495f-88d3-9eb682c15ce7,view more information
91,0.165,1,ğŸ«¥,0,0.000,0.00,âœ…,0.693,15.07,âœ…,0.859,15.07,89.01,mobile_8da8fbf4-c2b0-495f-88d3-9eb682c15ce7,back to previous page
92,0.166,1,ğŸ«¥,0,0.000,0.00,âœ…,0.689,15.09,âœ…,0.855,15.09,89.13,mobile_8da8fbf4-c2b0-495f-88d3-9eb682c15ce7,view more information about classical christmas
93,0.128,1,ğŸ«¥,0,0.000,0.00,âœ…,0.687,15.08,âœ…,0.815,15.08,89.25,mobile_207efb5f-dce5-4c70-8c06-b16f2267c09e,view bach station
94,0.152,1,ğŸ«¥,0,0.000,0.00,âœ…,0.707,15.12,âœ…,0.859,15.12,89.36,mobile_207efb5f-dce5-4c70-8c06-b16f2267c09e,"tap the button with ""listen now"""
95,0.139,4,â˜‘ï¸,0,0.299,4.11,âœ…,0.000,0.00,âœ…,0.439,4.11,89.47,mobile_efa861a6-0810-4c8a-9bca-4f481641d03d,view ore details
96,0.134,4,ğŸ«¥,1,0.305,4.12,âŒ,0.299,3.53,âŒ,0.738,7.65,88.54,mobile_efa861a6-0810-4c8a-9bca-4f481641d03d,add or scan accessory
97,0.128,2,ğŸ«¥,1,0.285,4.09,âœ…,0.662,13.08,âœ…,1.074,17.17,88.66,mobile_7d7609e2-696b-449e-a230-792dce8dd134,open nlp folder
98,0.146,2,ğŸ«¥,1,0.284,4.09,âœ…,0.277,3.25,âœ…,0.707,7.35,88.78,mobile_7d7609e2-696b-449e-a230-792dce8dd134,back to browse page
99,0.127,2,ğŸ«¥,1,0.282,4.08,âœ…,0.674,13.09,âœ…,1.083,17.17,88.89,mobile_7d7609e2-696b-449e-a230-792dce8dd134,view shared
100,0.112,2,ğŸ«¥,1,0.274,3.96,âœ…,0.509,9.47,âœ…,0.895,13.43,89.00,mobile_c1f1188d-1bd3-4ce6-8e3f-96628d07b0b9,login with wechat
101,0.111,2,â˜‘ï¸,0,0.271,3.95,âœ…,0.000,0.00,âœ…,0.382,3.95,89.11,mobile_c1f1188d-1bd3-4ce6-8e3f-96628d07b0b9,view settings
102,0.112,2,â˜‘ï¸,0,0.269,3.95,âœ…,0.000,0.00,âœ…,0.381,3.95,89.22,mobile_c1f1188d-1bd3-4ce6-8e3f-96628d07b0b9,login with email
103,0.123,1,ğŸ«¥,0,0.000,0.00,âœ…,0.700,15.19,âœ…,0.823,15.19,89.32,mobile_fbadc3d2-cde6-43f5-a33c-a648a9299963,all clear the calculator
104,0.124,1,ğŸ«¥,0,0.000,0.00,âœ…,0.689,15.22,âœ…,0.813,15.22,89.42,mobile_fbadc3d2-cde6-43f5-a33c-a648a9299963,Tap the plus sign in the calculator
105,0.122,4,ğŸ«¥,1,0.308,4.12,âœ…,0.312,3.82,âœ…,0.742,7.94,89.52,mobile_3a1f306e-784a-411a-98cb-f11a2157a5c7,click the search bar
106,0.125,4,â˜‘ï¸,0,0.309,4.13,âœ…,0.000,0.00,âœ…,0.435,4.13,89.62,mobile_3a1f306e-784a-411a-98cb-f11a2157a5c7,tap the scan icon
107,0.120,4,ğŸ«¥,1,0.312,4.13,âœ…,0.305,3.82,âœ…,0.737,7.94,89.72,mobile_3a1f306e-784a-411a-98cb-f11a2157a5c7,open pay/collect
108,0.121,4,â˜‘ï¸,0,0.302,4.13,âœ…,0.000,0.00,âœ…,0.423,4.13,89.81,mobile_3a1f306e-784a-411a-98cb-f11a2157a5c7,view the air & rail
109,0.118,4,â˜‘ï¸,0,0.303,4.11,âœ…,0.000,0.00,âœ…,0.420,4.11,89.91,mobile_3a1f306e-784a-411a-98cb-f11a2157a5c7,check messages
110,0.140,3,ğŸ«¥,1,0.308,4.12,âœ…,0.460,8.14,âœ…,0.909,12.26,90.00,mobile_d8a4069b-ec35-4a62-a3cd-5b5e7d95b50c,click try it now
111,0.140,3,ğŸ«¥,1,0.294,4.12,âœ…,0.457,8.15,âœ…,0.891,12.26,90.09,mobile_d8a4069b-ec35-4a62-a3cd-5b5e7d95b50c,search in this calendar
112,0.140,3,â˜‘ï¸,0,0.292,4.12,âœ…,0.000,0.00,âœ…,0.432,4.12,90.18,mobile_d8a4069b-ec35-4a62-a3cd-5b5e7d95b50c,add a new one
113,0.140,3,â˜‘ï¸,0,0.292,4.11,âœ…,0.000,0.00,âœ…,0.431,4.11,90.27,mobile_d8a4069b-ec35-4a62-a3cd-5b5e7d95b50c,view docs
114,0.112,5,ğŸ«¥,1,0.302,4.14,âœ…,0.299,3.53,âœ…,0.712,7.67,90.35,mobile_20aa1fbd-f09f-4923-9fb4-15998cda6fe3,save current settings
115,0.111,5,â˜‘ï¸,0,0.307,4.13,âœ…,0.000,0.00,âœ…,0.418,4.13,90.43,mobile_20aa1fbd-f09f-4923-9fb4-15998cda6fe3,add title
116,0.112,5,â˜‘ï¸,0,0.304,4.13,âœ…,0.000,0.00,âœ…,0.416,4.13,90.52,mobile_20aa1fbd-f09f-4923-9fb4-15998cda6fe3,add guests
117,0.112,5,â˜‘ï¸,0,0.311,4.14,âŒ,0.000,0.00,âŒ,0.423,4.14,89.74,mobile_20aa1fbd-f09f-4923-9fb4-15998cda6fe3,set no repeats
118,0.111,5,â˜‘ï¸,0,0.318,4.13,âŒ,0.000,0.00,âŒ,0.429,4.13,88.98,mobile_20aa1fbd-f09f-4923-9fb4-15998cda6fe3,add description
119,0.131,3,ğŸ«¥,1,0.293,4.12,âœ…,0.431,7.17,âœ…,0.855,11.29,89.08,mobile_a14fb632-fab9-4537-8c7b-8c650fd91bd7,favorite the music
120,0.131,3,ğŸ«¥,1,0.287,4.11,âœ…,0.423,7.17,âœ…,0.841,11.28,89.17,mobile_a14fb632-fab9-4537-8c7b-8c650fd91bd7,view comments
121,0.131,3,â˜‘ï¸,0,0.306,4.12,âœ…,0.000,0.00,âœ…,0.437,4.12,89.26,mobile_a14fb632-fab9-4537-8c7b-8c650fd91bd7,play the music
122,0.151,3,â˜‘ï¸,0,0.301,4.12,âœ…,0.000,0.00,âœ…,0.452,4.12,89.34,mobile_a14fb632-fab9-4537-8c7b-8c650fd91bd7,play next song
123,0.151,3,â˜‘ï¸,0,0.294,4.12,âœ…,0.000,0.00,âœ…,0.445,4.12,89.43,mobile_a14fb632-fab9-4537-8c7b-8c650fd91bd7,play previous song
124,0.113,2,ğŸ«¥,1,0.296,4.11,âœ…,0.405,6.86,âœ…,0.814,10.97,89.52,mobile_9bd1779a-91ee-4a59-8904-3850434b1421,view more information
125,0.112,2,ğŸ«¥,1,0.304,4.11,âœ…,0.401,6.86,âœ…,0.817,10.97,89.60,mobile_9bd1779a-91ee-4a59-8904-3850434b1421,back to filters
126,0.111,2,â˜‘ï¸,0,0.288,4.12,âœ…,0.000,0.00,âœ…,0.400,4.12,89.68,mobile_9bd1779a-91ee-4a59-8904-3850434b1421,write a new message
127,0.112,2,ğŸ«¥,1,0.289,4.12,âœ…,0.403,6.87,âœ…,0.804,10.99,89.76,mobile_9bd1779a-91ee-4a59-8904-3850434b1421,tap the search bar
128,0.109,2,ğŸ«¥,1,0.271,3.87,âœ…,0.592,11.96,âœ…,0.972,15.83,89.84,mobile_8d5dea76-69b8-4076-82ef-38b2fb8a1b30,set focus time to 60 mins
129,0.135,2,â˜‘ï¸,0,0.272,3.85,âœ…,0.000,0.00,âœ…,0.407,3.85,89.92,mobile_8d5dea76-69b8-4076-82ef-38b2fb8a1b30,turn on focus mode
130,0.110,2,ğŸ«¥,1,0.271,3.84,âœ…,0.585,11.94,âœ…,0.967,15.78,90.00,mobile_8d5dea76-69b8-4076-82ef-38b2fb8a1b30,customize focus time
131,0.106,4,â˜‘ï¸,0,0.281,4.02,âœ…,0.000,0.00,âœ…,0.388,4.02,90.08,mobile_b012267b-fcd6-4d0c-991a-f2a4afd0a2ff,check tuesday data details
132,0.126,4,ğŸ«¥,1,0.292,4.01,âœ…,0.281,3.06,âœ…,0.700,7.07,90.15,mobile_b012267b-fcd6-4d0c-991a-f2a4afd0a2ff,display data by week
133,0.113,4,â˜‘ï¸,0,0.289,4.01,âŒ,0.000,0.00,âŒ,0.403,4.01,89.47,mobile_b012267b-fcd6-4d0c-991a-f2a4afd0a2ff,switch to focus mode
134,0.130,1,ğŸ«¥,0,0.000,0.00,âœ…,0.600,13.05,âœ…,0.729,13.05,89.55,mobile_faa33d8c-ff72-4c74-98df-cb46cc0516aa,open system apps settings
135,0.112,1,ğŸ«¥,0,0.000,0.00,âœ…,0.602,13.05,âœ…,0.714,13.05,89.63,mobile_faa33d8c-ff72-4c74-98df-cb46cc0516aa,manage home screen shortcuts
136,0.116,1,ğŸ«¥,0,0.000,0.00,âœ…,0.603,13.06,âœ…,0.718,13.06,89.71,mobile_faa33d8c-ff72-4c74-98df-cb46cc0516aa,back to previous page
137,0.123,4,â˜‘ï¸,0,0.280,3.87,âœ…,0.000,0.00,âœ…,0.403,3.87,89.78,mobile_db3c83d0-b179-4661-88d4-baf938bcf477,turn off wlan
138,0.112,4,â˜‘ï¸,0,0.281,3.87,âœ…,0.000,0.00,âœ…,0.394,3.87,89.86,mobile_db3c83d0-b179-4661-88d4-baf938bcf477,scan qr code
139,0.119,1,ğŸ«¥,0,0.000,0.00,âœ…,0.585,13.08,âœ…,0.704,13.08,89.93,mobile_06d5a5b9-8dda-439a-84a5-7af28ab2dab8,turn on earpiece mode
140,0.237,1,ğŸ«¥,0,0.000,0.00,âœ…,0.578,13.10,âœ…,0.815,13.10,90.00,mobile_06d5a5b9-8dda-439a-84a5-7af28ab2dab8,turn off mute ringer when recording
141,0.112,1,ğŸ«¥,0,0.000,0.00,âœ…,0.571,13.08,âœ…,0.682,13.08,90.07,mobile_06d5a5b9-8dda-439a-84a5-7af28ab2dab8,change recording format
142,0.107,2,ğŸ«¥,1,0.273,3.85,âœ…,0.491,9.01,âœ…,0.871,12.86,90.14,mobile_5c883ab7-6769-436e-a677-96b0f5a4c950,open a photo
143,0.108,2,â˜‘ï¸,0,0.270,4.00,âœ…,0.000,0.00,âœ…,0.377,4.00,90.21,mobile_c346d616-ffcb-4638-a049-2fc45d665e91,add new event on calendar
144,0.108,2,â˜‘ï¸,0,0.269,3.98,âœ…,0.000,0.00,âœ…,0.377,3.98,90.28,mobile_c346d616-ffcb-4638-a049-2fc45d665e91,open documents
145,0.108,2,â˜‘ï¸,0,0.271,3.99,âœ…,0.000,0.00,âœ…,0.378,3.99,90.34,mobile_c346d616-ffcb-4638-a049-2fc45d665e91,switch to monday schedule
146,0.123,3,â˜‘ï¸,0,0.278,3.85,âœ…,0.000,0.00,âœ…,0.401,3.85,90.41,mobile_d7f5d515-e2c4-453e-9b5b-d97e3ecd5307,search
147,0.108,3,ğŸ«¥,1,0.278,3.86,âœ…,0.373,5.44,âœ…,0.758,9.30,90.48,mobile_d7f5d515-e2c4-453e-9b5b-d97e3ecd5307,display external contacts
148,0.124,6,ğŸ«¥,1,0.286,3.77,âœ…,0.340,4.62,âœ…,0.750,8.38,90.54,mobile_550b9efc-c475-4188-82b6-47f7ca1a56f7,search recodings
149,0.125,6,â˜‘ï¸,0,0.279,3.76,âœ…,0.000,0.00,âœ…,0.404,3.76,90.60,mobile_550b9efc-c475-4188-82b6-47f7ca1a56f7,open settings
150,0.125,6,â˜‘ï¸,0,0.285,3.77,âœ…,0.000,0.00,âœ…,0.411,3.77,90.67,mobile_550b9efc-c475-4188-82b6-47f7ca1a56f7,start a new recording
151,0.109,2,â˜‘ï¸,0,0.270,3.88,âœ…,0.000,0.00,âœ…,0.379,3.88,90.73,mobile_c28ad441-0524-4e7b-ab97-4005072b53a3,tap to receive file as a new phone
152,0.109,2,ğŸ«¥,1,0.268,3.87,âœ…,0.377,6.32,âœ…,0.753,10.19,90.79,mobile_c28ad441-0524-4e7b-ab97-4005072b53a3,send files as a old phone
153,0.125,2,ğŸ«¥,1,0.287,4.00,âœ…,0.288,3.32,âœ…,0.700,7.32,90.85,mobile_ef01fd08-a7fd-42a3-b1aa-fe22b3f79730,agree this privacy policy
154,0.110,2,â˜‘ï¸,0,0.277,4.00,âœ…,0.000,0.00,âœ…,0.387,4.00,90.91,mobile_ef01fd08-a7fd-42a3-b1aa-fe22b3f79730,disagree the agreement
155,0.110,2,â˜‘ï¸,0,0.278,4.00,âœ…,0.000,0.00,âœ…,0.388,4.00,90.97,mobile_ef01fd08-a7fd-42a3-b1aa-fe22b3f79730,display user agreement details
156,0.113,3,ğŸ«¥,1,0.281,3.86,âœ…,0.263,3.06,âœ…,0.657,6.92,91.03,mobile_aae20de3-7aab-4bcc-8d83-f187fe3a2e76,view help
157,0.113,3,ğŸ«¥,1,0.270,3.88,âœ…,0.432,7.82,âœ…,0.815,11.70,91.08,mobile_aae20de3-7aab-4bcc-8d83-f187fe3a2e76,open phone's screen
158,0.116,3,â˜‘ï¸,0,0.273,3.87,âœ…,0.000,0.00,âœ…,0.389,3.87,91.14,mobile_aae20de3-7aab-4bcc-8d83-f187fe3a2e76,close current page
159,0.118,1,ğŸ«¥,0,0.000,0.00,âœ…,0.578,13.22,âœ…,0.696,13.22,91.19,mobile_7bbecc1d-4220-4287-8ec7-14f9eec203e2,sort by size
160,0.113,1,ğŸ«¥,0,0.000,0.00,âœ…,0.573,13.24,âœ…,0.686,13.24,91.25,mobile_7bbecc1d-4220-4287-8ec7-14f9eec203e2,sort by file's types
161,0.113,1,ğŸ«¥,0,0.000,0.00,âŒ,0.573,13.23,âŒ,0.686,13.23,90.68,mobile_dc3bbcd3-d7bb-4ce2-be50-eb6f564d2ddc,display recent opened files
162,0.112,1,ğŸ«¥,0,0.000,0.00,âœ…,0.578,13.27,âœ…,0.690,13.27,90.74,mobile_dc3bbcd3-d7bb-4ce2-be50-eb6f564d2ddc,"open the folder named ""dcim"""
163,0.127,1,ğŸ«¥,0,0.000,0.00,âœ…,0.581,13.24,âœ…,0.707,13.24,90.80,mobile_dc3bbcd3-d7bb-4ce2-be50-eb6f564d2ddc,search in this page
164,0.110,4,â˜‘ï¸,0,0.278,3.89,âœ…,0.000,0.00,âœ…,0.388,3.89,90.85,mobile_74f38270-ccc5-423e-813e-b7f1ac6ff665,display all videos
165,0.109,4,ğŸ«¥,1,0.288,3.89,âœ…,0.289,3.58,âŒ,0.686,7.46,90.30,mobile_74f38270-ccc5-423e-813e-b7f1ac6ff665,show all documents
166,0.114,3,ğŸ«¥,1,0.276,3.88,âœ…,0.294,3.58,âœ…,0.685,7.46,90.36,mobile_275415f1-ade1-4210-9e92-8f998a671c96,show more file types
167,0.109,3,ğŸ«¥,1,0.280,3.88,âœ…,0.448,8.16,âœ…,0.837,12.04,90.42,mobile_275415f1-ade1-4210-9e92-8f998a671c96,create a new folder
168,0.109,3,ğŸ«¥,1,0.276,3.88,âŒ,0.447,8.16,âŒ,0.832,12.05,89.88,mobile_275415f1-ade1-4210-9e92-8f998a671c96,display recent opened files
169,0.107,4,â˜‘ï¸,0,0.276,4.03,âœ…,0.000,0.00,âœ…,0.383,4.03,89.94,mobile_1c87bbf1-afc8-4fe3-aaf0-d3bacc52a2bf,Stop the countdown
170,0.106,4,â˜‘ï¸,0,0.276,4.03,âœ…,0.000,0.00,âœ…,0.382,4.03,90.00,mobile_1c87bbf1-afc8-4fe3-aaf0-d3bacc52a2bf,start the stopwatch
171,0.107,6,â˜‘ï¸,0,0.286,4.10,âœ…,0.000,0.00,âœ…,0.393,4.10,90.06,mobile_4fafbd92-0af2-4b02-9cf8-952227fd9993,Turn on the alarm for 3:15
172,0.198,6,â˜‘ï¸,0,0.592,4.09,âœ…,0.000,0.00,âœ…,0.790,4.09,90.12,mobile_4fafbd92-0af2-4b02-9cf8-952227fd9993,turn off the opened clock at 6
173,0.165,6,ğŸ«¥,1,0.284,4.10,âœ…,0.262,2.86,âœ…,0.711,6.97,90.17,mobile_4fafbd92-0af2-4b02-9cf8-952227fd9993,show details of 7:30 clock alarm
174,0.108,2,â˜‘ï¸,0,0.270,3.88,âœ…,0.000,0.00,âœ…,0.377,3.88,90.23,mobile_2b80c9bf-0040-492e-8dca-d81cc9042b5a,set reminder for created task
175,0.108,2,â˜‘ï¸,0,0.290,3.89,âœ…,0.000,0.00,âœ…,0.398,3.89,90.29,mobile_2b80c9bf-0040-492e-8dca-d81cc9042b5a,tap done to set this subtask
176,0.108,2,ğŸ«¥,1,0.267,3.87,âœ…,0.454,8.50,âœ…,0.829,12.37,90.34,mobile_2b80c9bf-0040-492e-8dca-d81cc9042b5a,fold input method
177,0.105,2,ğŸ«¥,1,0.271,4.01,âœ…,0.326,4.65,âœ…,0.702,8.66,90.40,mobile_caaf7ec0-c1ee-4edc-8b42-37bfa11c4dd3,create new task
178,0.105,2,â˜‘ï¸,0,0.272,4.00,âœ…,0.000,0.00,âœ…,0.377,4.00,90.45,mobile_caaf7ec0-c1ee-4edc-8b42-37bfa11c4dd3,open settings
179,0.106,2,ğŸ«¥,1,0.273,4.00,âœ…,0.491,9.15,âŒ,0.870,13.16,89.94,mobile_caaf7ec0-c1ee-4edc-8b42-37bfa11c4dd3,open notes
180,0.108,3,ğŸ«¥,1,0.280,3.90,âœ…,0.362,5.79,âœ…,0.749,9.69,90.00,mobile_2a2da2de-b63c-46e0-88cf-f88ef8aec6e0,set font size to small
181,0.107,3,ğŸ«¥,1,0.277,3.89,âœ…,0.361,5.79,âœ…,0.744,9.68,90.06,mobile_2a2da2de-b63c-46e0-88cf-f88ef8aec6e0,use huge font size
182,0.107,2,ğŸ«¥,1,0.277,4.03,âœ…,0.484,9.19,âœ…,0.868,13.22,90.11,mobile_165687dd-c6c2-4f44-a84d-3e9a2af95ffe,display calendar in week view
183,0.107,2,â˜‘ï¸,0,0.270,4.02,âœ…,0.000,0.00,âœ…,0.378,4.02,90.16,mobile_165687dd-c6c2-4f44-a84d-3e9a2af95ffe,display calendar by days
184,0.114,2,ğŸ«¥,1,0.269,3.90,âœ…,0.313,4.14,âœ…,0.696,8.04,90.22,mobile_414acb14-025e-462a-9d1c-6410df04db7f,display 15-day weather forecast
185,0.116,2,â˜‘ï¸,0,0.272,3.87,âœ…,0.000,0.00,âœ…,0.388,3.87,90.27,mobile_414acb14-025e-462a-9d1c-6410df04db7f,open options
186,0.114,2,â˜‘ï¸,0,0.270,3.88,âœ…,0.000,0.00,âœ…,0.384,3.88,90.32,mobile_414acb14-025e-462a-9d1c-6410df04db7f,add new city
187,0.111,4,â˜‘ï¸,0,0.284,4.05,âœ…,0.000,0.00,âœ…,0.394,4.05,90.37,mobile_d17dfa46-fc13-4f38-9261-3f9f7171067b,turn on airplane mode
188,0.108,4,â˜‘ï¸,0,0.300,4.05,âœ…,0.000,0.00,âœ…,0.408,4.05,90.43,mobile_d17dfa46-fc13-4f38-9261-3f9f7171067b,turn off nfc
189,0.112,4,ğŸ«¥,1,0.297,4.05,âœ…,0.396,6.68,âœ…,0.805,10.73,90.48,mobile_d17dfa46-fc13-4f38-9261-3f9f7171067b,set default wallent
190,0.124,3,â˜‘ï¸,0,0.280,3.89,âœ…,0.000,0.00,âœ…,0.404,3.89,90.53,mobile_0dcb6532-d25e-4bb0-8746-ccdbec623bce,scan qr code
191,0.124,3,â˜‘ï¸,0,0.278,3.89,âœ…,0.000,0.00,âœ…,0.402,3.89,90.58,mobile_0dcb6532-d25e-4bb0-8746-ccdbec623bce,sign out
192,0.108,4,â˜‘ï¸,0,0.281,4.07,âœ…,0.000,0.00,âœ…,0.389,4.07,90.62,mobile_6e08b93a-9271-40ac-9dd0-f1f95f8d8675,switch on auto-rotate screen
193,0.108,4,ğŸ«¥,2,0.284,4.07,âœ…,0.412,6.72,âœ…,0.804,10.78,90.67,mobile_6e08b93a-9271-40ac-9dd0-f1f95f8d8675,view control center and status bar
194,0.409,4,â˜‘ï¸,0,0.283,4.05,âœ…,0.000,0.00,âœ…,0.692,4.05,90.72,mobile_6e08b93a-9271-40ac-9dd0-f1f95f8d8675,check fonts settings
195,0.111,2,ğŸ«¥,1,0.272,4.03,âœ…,0.527,10.24,âœ…,0.910,14.27,90.77,mobile_d52263df-908a-4f53-93de-b51d691ad995,use dark mode display
196,0.110,2,ğŸ«¥,2,0.271,4.03,âœ…,0.674,14.26,âŒ,1.056,18.29,90.31,mobile_d52263df-908a-4f53-93de-b51d691ad995,change dark mode options
197,0.110,2,â˜‘ï¸,0,0.276,4.03,âœ…,0.000,0.00,âœ…,0.387,4.03,90.36,mobile_d52263df-908a-4f53-93de-b51d691ad995,return upper page
198,0.221,3,â˜‘ï¸,0,0.403,3.90,âœ…,0.000,0.00,âœ…,0.624,3.90,90.40,mobile_3607031a-15bb-48cd-a2e6-84a7ce433173,view display options
199,0.109,3,ğŸ«¥,2,0.272,3.90,âœ…,0.579,11.67,âœ…,0.959,15.57,90.45,mobile_3607031a-15bb-48cd-a2e6-84a7ce433173,open vpn options
200,0.107,3,ğŸ«¥,2,0.272,3.91,âœ…,0.575,11.69,âœ…,0.954,15.60,90.50,mobile_f61ea850-a79c-41b8-891f-8c55326e1530,set date and time
201,0.107,3,ğŸ«¥,1,0.272,3.91,âŒ,0.355,5.53,âŒ,0.734,9.44,90.05,mobile_f61ea850-a79c-41b8-891f-8c55326e1530,view quick control ball
202,0.109,5,ğŸ«¥,1,0.279,3.93,âœ…,0.265,3.08,âŒ,0.652,7.01,89.60,mobile_04545977-3f36-4a33-a787-72ec8a9dd4f2,check battery options
203,0.108,5,â˜‘ï¸,0,0.282,3.95,âŒ,0.000,0.00,âŒ,0.390,3.95,89.16,mobile_04545977-3f36-4a33-a787-72ec8a9dd4f2,change battery setting for better performance
204,0.109,5,â˜‘ï¸,0,0.282,3.94,âœ…,0.000,0.00,âœ…,0.391,3.94,89.22,mobile_04545977-3f36-4a33-a787-72ec8a9dd4f2,open ultra battery saver
205,0.105,2,ğŸ«¥,1,0.273,3.89,âœ…,0.419,7.64,âŒ,0.798,11.53,88.78,mobile_3b5ab7d3-8e84-4be1-83ba-801882db294b,clear the result
206,0.105,2,â˜‘ï¸,0,0.269,3.89,âœ…,0.000,0.00,âœ…,0.374,3.89,88.83,mobile_3b5ab7d3-8e84-4be1-83ba-801882db294b,enter 5
207,0.105,2,â˜‘ï¸,0,0.270,3.92,âœ…,0.000,0.00,âœ…,0.375,3.92,88.89,mobile_3b5ab7d3-8e84-4be1-83ba-801882db294b,Tap the division sign in the calculator
208,0.106,2,â˜‘ï¸,0,0.270,4.04,âœ…,0.000,0.00,âœ…,0.376,4.04,88.94,mobile_4c2df330-55c0-4272-80c0-6e2cf8f96903,"click ""done"""
209,0.129,1,ğŸ«¥,0,0.000,0.00,âœ…,0.582,13.60,âœ…,0.711,13.60,89.00,mobile_cebc7e07-8ab3-4232-acdd-aa2884af2e66,open gmail
210,0.128,1,ğŸ«¥,0,0.000,0.00,âœ…,0.579,13.62,âœ…,0.707,13.62,89.05,mobile_cebc7e07-8ab3-4232-acdd-aa2884af2e66,add new email account
211,0.126,4,â˜‘ï¸,0,0.271,3.92,âœ…,0.000,0.00,âœ…,0.396,3.92,89.10,mobile_569a4f5a-01f0-4386-89ba-768e1f88d38e,check week summary
212,0.127,4,ğŸ«¥,1,0.280,3.92,âœ…,0.422,7.66,âœ…,0.829,11.58,89.15,mobile_569a4f5a-01f0-4386-89ba-768e1f88d38e,display wearing device
213,0.124,1,ğŸ«¥,0,0.000,0.00,âœ…,0.591,13.63,âœ…,0.715,13.63,89.20,mobile_9aa2c4bf-aa52-43ed-ac30-f22798c14668,open instagram
214,0.114,1,ğŸ«¥,0,0.000,0.00,âœ…,0.580,13.64,âœ…,0.693,13.64,89.25,mobile_9aa2c4bf-aa52-43ed-ac30-f22798c14668,open github app
215,0.113,1,ğŸ«¥,0,0.000,0.00,âœ…,0.582,13.64,âœ…,0.694,13.64,89.30,mobile_9aa2c4bf-aa52-43ed-ac30-f22798c14668,open message app
216,0.119,6,â˜‘ï¸,0,0.286,3.95,âœ…,0.000,0.00,âœ…,0.405,3.95,89.35,mobile_88c8a639-8051-4241-943c-41104b363caa,start outdoor running
217,0.114,6,ğŸ«¥,1,0.278,3.95,âœ…,0.287,3.35,âœ…,0.679,7.29,89.40,mobile_88c8a639-8051-4241-943c-41104b363caa,record outdoor cycle
218,0.114,6,ğŸ«¥,4,0.287,3.96,âœ…,0.778,10.05,âŒ,1.179,14.01,88.99,mobile_88c8a639-8051-4241-943c-41104b363caa,start threadmill recordding
219,0.105,4,ğŸ«¥,1,0.282,4.07,âœ…,0.308,4.15,âœ…,0.696,8.22,89.04,mobile_df5320bc-03e4-4e4e-bcc2-67cfd9b344ec,show week steps recordings
220,0.106,4,ğŸ«¥,1,0.283,4.08,âœ…,0.317,4.16,âŒ,0.705,8.24,88.64,mobile_df5320bc-03e4-4e4e-bcc2-67cfd9b344ec,show steps recording by month
221,0.105,4,â˜‘ï¸,0,0.294,4.08,âœ…,0.000,0.00,âœ…,0.400,4.08,88.69,mobile_df5320bc-03e4-4e4e-bcc2-67cfd9b344ec,return to upper page
222,0.108,5,â˜‘ï¸,0,0.300,3.94,âœ…,0.000,0.00,âœ…,0.408,3.94,88.74,mobile_e277f0fc-fe73-4304-9d8e-2bc4613e1986,check sleeping time
223,0.108,5,â˜‘ï¸,0,0.294,3.94,âœ…,0.000,0.00,âœ…,0.402,3.94,88.79,mobile_e277f0fc-fe73-4304-9d8e-2bc4613e1986,Monitor calorie expenditure
224,0.108,5,â˜‘ï¸,0,0.286,3.95,âœ…,0.000,0.00,âœ…,0.394,3.95,88.84,mobile_e277f0fc-fe73-4304-9d8e-2bc4613e1986,switch to workout page
225,0.107,4,ğŸ«¥,1,0.278,3.93,âœ…,0.342,5.27,âœ…,0.727,9.20,88.89,mobile_f515dd3d-41eb-4fe9-b74a-ac66e60a8b75,tap continue button
226,0.106,4,ğŸ«¥,1,0.284,3.92,âœ…,0.343,5.26,âœ…,0.733,9.17,88.94,mobile_f515dd3d-41eb-4fe9-b74a-ac66e60a8b75,cancel
227,0.105,5,â˜‘ï¸,0,0.283,3.94,âœ…,0.000,0.00,âœ…,0.388,3.94,88.99,mobile_63949247-1001-4d4e-9f49-81c85f7308e8,click power on
228,0.106,5,â˜‘ï¸,0,0.280,3.94,âœ…,0.000,0.00,âœ…,0.386,3.94,89.04,mobile_63949247-1001-4d4e-9f49-81c85f7308e8,change mode
229,0.105,5,â˜‘ï¸,0,0.287,3.95,âœ…,0.000,0.00,âœ…,0.392,3.95,89.08,mobile_63949247-1001-4d4e-9f49-81c85f7308e8,raise air conditioner temperature
230,0.109,4,ğŸ«¥,3,0.280,4.07,âœ…,0.632,12.99,âŒ,1.022,17.07,88.70,mobile_6bbaccfd-a0c4-49d3-a68d-050210ff5a6e,check battery usage
231,0.108,4,ğŸ«¥,1,0.282,4.11,âœ…,0.400,7.12,âœ…,0.791,11.23,88.74,mobile_6bbaccfd-a0c4-49d3-a68d-050210ff5a6e,"set fingerprints, face data and screen lock option..."
232,0.106,4,ğŸ«¥,2,0.282,4.09,âœ…,0.345,5.30,âœ…,0.733,9.39,88.79,mobile_6bbaccfd-a0c4-49d3-a68d-050210ff5a6e,set mi ai voice assistant
233,0.107,3,â˜‘ï¸,0,0.281,3.92,âœ…,0.000,0.00,âœ…,0.388,3.92,88.84,mobile_182c66dd-3836-4bce-909f-166abd570fde,open user profile
234,0.107,3,ğŸ«¥,1,0.280,3.92,âœ…,0.289,3.62,âœ…,0.676,7.54,88.89,mobile_182c66dd-3836-4bce-909f-166abd570fde,search setttings
235,0.107,3,ğŸ«¥,1,0.279,3.92,âœ…,0.408,7.41,âœ…,0.794,11.33,88.94,mobile_182c66dd-3836-4bce-909f-166abd570fde,turn off bluetooth
236,0.135,1,ğŸ«¥,0,0.000,0.00,âœ…,0.585,13.82,âœ…,0.720,13.82,88.98,mobile_6a0ba48e-0ed8-44ba-a40b-adbbdba2dee4,display unread massages
237,0.132,1,ğŸ«¥,0,0.000,0.00,âœ…,0.577,13.82,âœ…,0.709,13.82,89.03,mobile_6a0ba48e-0ed8-44ba-a40b-adbbdba2dee4,display flagged massages
238,0.132,1,ğŸ«¥,0,0.000,0.00,âœ…,0.584,13.84,âœ…,0.716,13.84,89.08,mobile_6a0ba48e-0ed8-44ba-a40b-adbbdba2dee4,tap to search messages
239,0.120,3,â˜‘ï¸,0,0.285,3.93,âœ…,0.000,0.00,âœ…,0.405,3.93,89.12,mobile_ee2362d3-17a7-479e-9f99-fd8378aae866,turn off wifi
240,0.116,3,ğŸ«¥,1,0.285,3.93,âœ…,0.462,8.73,âœ…,0.863,12.67,89.17,mobile_ee2362d3-17a7-479e-9f99-fd8378aae866,change phone settings 
241,0.116,2,â˜‘ï¸,0,0.272,3.91,âœ…,0.000,0.00,âœ…,0.388,3.91,89.21,mobile_f53240ec-a09f-4857-9ca1-db5fb79455c3,open calculator
242,0.115,2,â˜‘ï¸,0,0.271,3.91,âœ…,0.000,0.00,âœ…,0.386,3.91,89.26,mobile_f53240ec-a09f-4857-9ca1-db5fb79455c3,open settings
243,0.120,2,â˜‘ï¸,0,0.277,3.91,âœ…,0.000,0.00,âœ…,0.396,3.91,89.30,mobile_f53240ec-a09f-4857-9ca1-db5fb79455c3,open notes
244,0.218,1,ğŸ«¥,0,0.000,0.00,âœ…,0.933,23.08,âœ…,1.151,23.08,89.34,mobile_b9537ded-e771-43c7-bab4-1db747625d87,open automation
245,0.212,1,ğŸ«¥,0,0.000,0.00,âœ…,0.929,23.10,âœ…,1.141,23.10,89.39,mobile_49f35b0d-59ea-46f9-b215-0e0e70d06a9a,add a room
246,0.151,3,ğŸ«¥,1,0.340,5.70,âœ…,0.283,2.94,âœ…,0.775,8.64,89.43,mobile_4e17db8b-85df-4278-ba0a-9f03e5ca85da,turn on the dark appearance dims wallpaper
247,0.141,4,ğŸ«¥,1,0.338,5.39,âœ…,0.540,9.58,âœ…,1.019,14.97,89.47,mobile_6ded1777-d4c3-485f-b28a-7754e0e9c024,open only draw with apple pencil mode
248,0.132,4,ğŸ«¥,1,0.337,5.38,âœ…,0.515,9.58,âœ…,0.984,14.96,89.52,mobile_6ded1777-d4c3-485f-b28a-7754e0e9c024,switch to show link attributes
249,0.252,1,ğŸ«¥,0,0.000,0.00,âŒ,0.930,23.19,âŒ,1.182,23.19,89.16,mobile_124e877d-d29c-45e4-bdc2-cbc729c702c9,open memo app
250,0.142,1,ğŸ«¥,0,0.000,0.00,âœ…,0.913,23.21,âœ…,1.055,23.21,89.20,mobile_f859f69e-20c1-4630-9435-e959c43590d5,add a new tab
251,0.131,1,ğŸ«¥,0,0.000,0.00,âœ…,0.930,23.21,âœ…,1.061,23.21,89.24,mobile_f859f69e-20c1-4630-9435-e959c43590d5,refresh the page
252,0.133,1,ğŸ«¥,0,0.000,0.00,âœ…,0.940,23.24,âœ…,1.073,23.24,89.29,mobile_f859f69e-20c1-4630-9435-e959c43590d5,go to user account page
253,0.140,1,ğŸ«¥,0,0.000,0.00,âœ…,0.931,23.24,âœ…,1.071,23.24,89.33,mobile_41aa1b5c-01f3-455d-807e-9c90c705dd1f,clear browsing data
254,0.134,1,ğŸ«¥,0,0.000,0.00,âœ…,0.933,23.25,âœ…,1.066,23.25,89.37,mobile_41aa1b5c-01f3-455d-807e-9c90c705dd1f,open downloads page
255,0.146,1,ğŸ«¥,0,0.000,0.00,âœ…,0.927,23.28,âœ…,1.073,23.28,89.41,mobile_95b2eec8-7804-474f-bf47-7c13a7a02595,open a new private window
256,0.136,1,ğŸ«¥,0,0.000,0.00,âœ…,0.923,23.29,âœ…,1.059,23.29,89.45,mobile_663faca5-79a3-48f6-b64c-9f7989292d17,explore the new menu
257,0.179,1,ğŸ«¥,0,0.000,0.00,âœ…,0.924,23.29,âœ…,1.102,23.29,89.49,mobile_9d30c621-fe06-4f6a-86e7-6664cc3bb566,check device location
258,0.171,1,ğŸ«¥,0,0.000,0.00,âœ…,0.912,23.31,âœ…,1.083,23.31,89.53,mobile_d3771dd7-e526-4b87-8971-247ca5582e85,stop sharing my location
259,0.139,1,ğŸ«¥,0,0.000,0.00,âœ…,0.910,23.35,âœ…,1.049,23.35,89.58,mobile_f5b4ae93-55f8-4f0c-9c9e-dda8685c37b5,create a new workbook for total a list
260,0.137,2,ğŸ«¥,1,0.320,5.68,âœ…,0.573,12.01,âœ…,1.030,17.69,89.62,mobile_63cdee53-9026-46c9-9b69-639452091dcc,add storage account
261,0.154,2,â˜‘ï¸,0,0.326,5.69,âŒ,0.000,0.00,âŒ,0.480,5.69,89.27,mobile_63cdee53-9026-46c9-9b69-639452091dcc,go to user account page
262,0.253,1,ğŸ«¥,0,0.000,0.00,âœ…,0.943,23.37,âœ…,1.195,23.37,89.31,mobile_043c3a5e-c12c-4991-bb7f-676c617b2f9b,open the entertainment menu
263,0.249,1,ğŸ«¥,0,0.000,0.00,âŒ,0.945,23.39,âŒ,1.194,23.39,88.97,mobile_3d3cacff-2019-4577-9395-21b45a0c548b,remove maps from the desktop
264,0.264,1,ğŸ«¥,0,0.000,0.00,âœ…,0.943,23.41,âœ…,1.207,23.41,89.02,mobile_6778b255-174f-401e-ab98-b5bbe554a141,add a new app to the desktop
265,0.264,1,ğŸ«¥,0,0.000,0.00,âŒ,0.946,23.41,âŒ,1.210,23.41,88.68,mobile_6778b255-174f-401e-ab98-b5bbe554a141,remove chrome from the desktop
266,0.142,5,ğŸ«¥,1,0.361,5.73,âŒ,0.303,3.50,âŒ,0.805,9.23,88.35,mobile_e3f2b3d7-4c56-44ba-af3f-ae885a3e0dbb,disable icloud photos
267,0.140,3,ğŸ«¥,1,0.344,5.73,âœ…,0.638,12.92,âœ…,1.122,18.65,88.39,mobile_08782c89-65da-43ca-8eb6-8ca71e9f8ea7,remove the camera from the included controls
268,0.154,3,â˜‘ï¸,0,0.345,5.72,âŒ,0.000,0.00,âŒ,0.499,5.72,88.06,mobile_08782c89-65da-43ca-8eb6-8ca71e9f8ea7,add alarm to the included controls
269,0.121,1,ğŸ«¥,0,0.000,0.00,âœ…,0.704,16.85,âœ…,0.826,16.85,88.10,mobile_c784c6c1-0203-4193-8131-f34cef16d400,adjust display & brightness setting
270,0.125,2,ğŸ«¥,1,0.286,4.24,âœ…,0.664,14.44,âœ…,1.076,18.67,88.15,mobile_1152be83-7090-45b9-9465-e5acc02d867d,switch to dark appearance theme
271,0.119,2,ğŸ«¥,1,0.288,4.24,âœ…,0.660,14.45,âœ…,1.067,18.70,88.19,mobile_1152be83-7090-45b9-9465-e5acc02d867d,adjust the brightness in the bar
272,0.141,3,â˜‘ï¸,0,0.282,4.14,âœ…,0.000,0.00,âœ…,0.423,4.14,88.24,mobile_d8a299f2-f432-4bef-abc4-5a005cf4c40f,manage the password for aliyunidaas.com
273,0.119,1,ğŸ«¥,0,0.000,0.00,âœ…,0.691,16.91,âœ…,0.810,16.91,88.28,mobile_45d2f820-fe5f-4e31-9554-34156e66179c,modify the notification permission for google maps
274,0.113,3,â˜‘ï¸,0,0.300,4.26,âœ…,0.000,0.00,âœ…,0.413,4.26,88.32,mobile_f45826c5-d796-46cf-b0c3-c4095206735c,allow google maps to send notifications
275,0.116,2,ğŸ«¥,1,0.289,4.23,âœ…,0.572,11.44,âœ…,0.977,15.68,88.36,mobile_a2719c16-da39-48ea-8c1c-1239414f0778,disable automatic app updates
276,0.112,2,ğŸ«¥,1,0.275,4.08,âœ…,0.593,12.28,âœ…,0.980,16.37,88.41,mobile_63adf499-326a-44b4-8b3f-0ecd1935745e,check health details
277,0.139,2,â˜‘ï¸,0,0.275,4.11,âœ…,0.000,0.00,âœ…,0.414,4.11,88.45,mobile_18b2ff57-9a0c-48e6-a754-de728b5a0479,add a new place to favourities
278,0.139,2,ğŸ«¥,1,0.276,4.10,âœ…,0.601,12.32,âœ…,1.015,16.42,88.49,mobile_18b2ff57-9a0c-48e6-a754-de728b5a0479,search for a place or address
279,0.149,3,â˜‘ï¸,0,0.292,4.26,âŒ,0.000,0.00,âŒ,0.441,4.26,88.17,mobile_acb1d28f-ddf9-4098-b749-51bf6600705b,switch the map style to satellite
280,0.117,1,ğŸ«¥,0,0.000,0.00,âœ…,0.700,16.96,âœ…,0.818,16.96,88.21,mobile_105a4c27-8695-4555-9121-0dd7cacb5ec2,tap to continue
281,0.113,2,â˜‘ï¸,0,0.273,4.09,âœ…,0.000,0.00,âœ…,0.386,4.09,88.26,mobile_2e804aba-afb6-48a0-ad55-2f242652eb33,close the notification box
282,0.116,3,ğŸ«¥,1,0.285,4.11,âœ…,0.589,5.20,âŒ,0.990,9.31,87.94,mobile_d97a442a-6912-4a26-9387-fe5dee9b3d0a,choose watercolor brush style
283,0.123,3,â˜‘ï¸,0,0.277,4.10,âœ…,0.000,0.00,âœ…,0.400,4.10,87.99,mobile_d97a442a-6912-4a26-9387-fe5dee9b3d0a,adjust the color
284,0.125,2,ğŸ«¥,1,0.273,4.09,âœ…,0.710,14.99,âœ…,1.109,19.08,88.03,mobile_7e2e6586-4c35-414e-8608-863b7ceba272,insert from link
285,0.138,1,ğŸ«¥,0,0.000,0.00,âœ…,0.694,17.01,âœ…,0.832,17.01,88.07,mobile_d3865883-8214-4bff-9834-13987580abe8,add a circle
286,0.111,2,ğŸ«¥,1,0.279,4.10,âœ…,0.498,9.88,âœ…,0.888,13.98,88.11,mobile_8c25fc62-ca0e-4280-ae68-9146b66089b2,learn more about privacy
287,0.142,2,ğŸ«¥,1,0.287,4.24,âœ…,0.357,5.20,âŒ,0.785,9.44,87.80,mobile_6cc4e2c1-b5bd-4347-bee4-63a1217d052c,input through voice recognition
288,0.141,2,â˜‘ï¸,0,0.285,4.23,âœ…,0.000,0.00,âœ…,0.426,4.23,87.85,mobile_6cc4e2c1-b5bd-4347-bee4-63a1217d052c,check coverage
289,0.132,2,â˜‘ï¸,0,0.284,4.25,âœ…,0.000,0.00,âœ…,0.417,4.25,87.89,mobile_4e55ce53-bc82-44c3-a81a-8282f55ec4c9,close the recommended box
290,0.132,2,â˜‘ï¸,0,0.286,4.26,âœ…,0.000,0.00,âœ…,0.419,4.26,87.93,mobile_4e55ce53-bc82-44c3-a81a-8282f55ec4c9,check the information about airtag
291,0.138,2,ğŸ«¥,1,0.285,4.25,âœ…,0.285,3.35,âœ…,0.707,7.59,87.97,mobile_f6f4bdd0-01eb-41a4-b696-42fcc45097b6,show the location list
292,0.143,2,â˜‘ï¸,0,0.294,4.27,âŒ,0.000,0.00,âŒ,0.437,4.27,87.67,mobile_f6f4bdd0-01eb-41a4-b696-42fcc45097b6,"choose the place called ""é¦™æ¸¯å¹¿åœº"""
293,0.114,4,ğŸ«¥,1,0.292,4.11,âœ…,0.432,7.61,âœ…,0.838,11.72,87.71,mobile_73a629d6-0fe4-4663-a727-d3b78ec52175,search destinations
294,0.126,3,â˜‘ï¸,0,0.295,4.26,âœ…,0.000,0.00,âœ…,0.421,4.26,87.76,mobile_c81bb812-68b7-4557-95bb-1260f3b787f1,add a new waypoint
295,0.113,3,ğŸ«¥,1,0.299,4.26,âœ…,0.335,4.56,âœ…,0.747,8.81,87.80,mobile_c81bb812-68b7-4557-95bb-1260f3b787f1,input the destination
296,0.144,3,â˜‘ï¸,0,0.297,4.11,âœ…,0.000,0.00,âœ…,0.441,4.11,87.84,mobile_c9c47c96-1b18-45dd-8e88-f0b48c54617d,check the wallet
297,0.249,1,ğŸ«¥,0,0.000,0.00,âœ…,0.698,17.13,âœ…,0.947,17.13,87.88,mobile_12280689-e3e1-4a36-ba3c-709acb969b32,continue with apple
298,0.190,2,â˜‘ï¸,0,0.281,4.11,âœ…,0.000,0.00,âœ…,0.471,4.11,87.92,mobile_a2cdff8e-fd92-46fb-8d83-228f2116c087,apply the smooth filter
299,0.156,2,â˜‘ï¸,0,0.279,4.10,âœ…,0.000,0.00,âœ…,0.435,4.10,87.96,mobile_a2cdff8e-fd92-46fb-8d83-228f2116c087,open additional options
300,0.224,3,ğŸ«¥,1,0.291,4.26,âœ…,0.547,11.15,âœ…,1.062,15.41,88.00,mobile_641346f3-50a8-4235-8a74-e0c9ee49136f,crop the photo
301,0.127,3,ğŸ«¥,1,0.288,4.26,âœ…,0.541,11.16,âœ…,0.956,15.42,88.04,mobile_641346f3-50a8-4235-8a74-e0c9ee49136f,open a brush
302,0.119,2,â˜‘ï¸,0,0.282,4.10,âœ…,0.000,0.00,âœ…,0.400,4.10,88.08,mobile_6126718c-82ef-4406-8d00-3d4bf7a414c4,view personal information
303,0.118,2,â˜‘ï¸,0,0.281,4.11,âœ…,0.000,0.00,âœ…,0.400,4.11,88.12,mobile_6126718c-82ef-4406-8d00-3d4bf7a414c4,show more about workouts
304,0.120,4,ğŸ«¥,1,0.294,4.14,âœ…,0.325,4.58,âœ…,0.739,8.72,88.16,mobile_b4a1ee35-b1b3-4ea6-bd37-22e326ea8620,view exercise log on map
305,0.119,2,â˜‘ï¸,0,0.271,4.10,âœ…,0.000,0.00,âœ…,0.390,4.10,88.20,mobile_8632848c-d399-4879-bb2e-c06478785a16,close the splits
306,0.116,2,â˜‘ï¸,0,0.272,4.11,âœ…,0.000,0.00,âœ…,0.387,4.11,88.24,mobile_3475adcf-26f0-43b9-8758-cae8601d33d1,open exercise log calendar
307,0.128,2,â˜‘ï¸,0,0.296,4.27,âœ…,0.000,0.00,âœ…,0.424,4.27,88.27,mobile_35047157-7939-4491-ab8d-4d1da41acc74,set to repeat every monday
308,0.250,7,ğŸ«¥,1,0.304,4.36,âŒ,0.277,3.39,âŒ,0.831,7.75,87.99,mobile_39d89f43-f1df-40b7-a0db-eef4bc2521d0,turn on an alarm for 7:40
309,0.111,2,â˜‘ï¸,0,0.282,4.12,âœ…,0.000,0.00,âœ…,0.393,4.12,88.03,mobile_268e1246-9870-47c7-a702-cadd117e11d4,sign up to zoom 
310,0.112,4,â˜‘ï¸,0,0.309,4.31,âœ…,0.000,0.00,âœ…,0.421,4.31,88.06,mobile_085c4ffc-e423-4798-a09f-702ded3d1987,switch on hide sensitive information when switchin...
311,0.112,2,â˜‘ï¸,0,0.273,4.11,âœ…,0.000,0.00,âœ…,0.385,4.11,88.10,mobile_0b63fa69-df33-442d-b7ea-9393432f71ea,adjust accessibility settings
312,0.125,4,ğŸ«¥,3,0.293,4.31,âœ…,0.693,15.28,âŒ,1.112,19.60,87.82,mobile_9f4d72cc-149d-4613-b19a-759ee34d8a47,close the tab with the apple official website
313,0.125,4,â˜‘ï¸,0,0.294,4.28,âœ…,0.000,0.00,âœ…,0.419,4.28,87.86,mobile_9f4d72cc-149d-4613-b19a-759ee34d8a47,serch tab
314,0.118,3,ğŸ«¥,1,0.293,4.29,âœ…,0.538,11.24,âœ…,0.948,15.53,87.90,mobile_76682c29-846c-4673-be8b-ebfbe0e5c9a9,add a new empty tab group
315,0.129,3,ğŸ«¥,1,0.297,4.30,âœ…,0.350,5.26,âœ…,0.776,9.56,87.94,mobile_79ef2997-19a2-4520-8647-b1ad1fc00ce8,search for the privacy report of a website
316,0.127,2,ğŸ«¥,1,0.274,4.11,âœ…,0.676,14.79,âœ…,1.077,18.89,87.97,mobile_e8581791-9dca-4a18-a9c3-0ddd782aaf96,open documents
317,0.137,2,ğŸ«¥,1,0.272,4.12,âœ…,0.273,3.07,âœ…,0.682,7.18,88.01,mobile_bdefb309-2aeb-4b5f-920b-1e9952f1ddfe,back to previous page
318,0.107,4,ğŸ«¥,1,0.274,4.02,âœ…,0.355,5.72,âœ…,0.736,9.75,88.05,mobile_bed2b5e8-9102-405e-80f3-85207ed1bbf0,open high resolution 50mp mode
319,0.112,4,ğŸ«¥,1,0.281,3.99,âœ…,0.356,5.69,âœ…,0.749,9.69,88.09,mobile_bed2b5e8-9102-405e-80f3-85207ed1bbf0,take short video
320,0.106,4,â˜‘ï¸,0,0.283,4.15,âœ…,0.000,0.00,âœ…,0.389,4.15,88.12,mobile_97ca06a1-8d37-4ece-b7ed-79517c61da2f,back to upper page
321,0.107,4,ğŸ«¥,2,0.286,4.17,âœ…,0.451,8.01,âœ…,0.845,12.18,88.16,mobile_97ca06a1-8d37-4ece-b7ed-79517c61da2f,display more details of the ai life app
322,0.109,2,â˜‘ï¸,0,0.268,3.97,âŒ,0.000,0.00,âŒ,0.377,3.97,87.89,mobile_f6431461-6800-4054-a29d-d74b01514198,view security informations
323,0.109,2,â˜‘ï¸,0,0.269,3.96,âœ…,0.000,0.00,âœ…,0.378,3.96,87.93,mobile_f6431461-6800-4054-a29d-d74b01514198,view settings
324,0.116,2,â˜‘ï¸,0,0.269,3.97,âœ…,0.000,0.00,âœ…,0.385,3.97,87.96,mobile_b099c8b7-0ff4-404b-a1a2-10691a313a8b,open dynamic shot
325,0.115,2,â˜‘ï¸,0,0.277,3.99,âœ…,0.000,0.00,âœ…,0.392,3.99,88.00,mobile_b099c8b7-0ff4-404b-a1a2-10691a313a8b,open hdr shoting mode
326,0.107,5,ğŸ«¥,1,0.282,4.02,âœ…,0.262,2.62,âœ…,0.652,6.64,88.04,mobile_8ed6041f-f845-4495-8ca6-def7f40471fd,start a private meeting
327,0.108,5,ğŸ«¥,1,0.286,4.02,âœ…,0.345,4.81,âœ…,0.739,8.83,88.07,mobile_8ed6041f-f845-4495-8ca6-def7f40471fd,go to next step
328,0.109,5,ğŸ«¥,4,0.293,4.19,âœ…,0.595,11.70,âœ…,0.997,15.89,88.11,mobile_13b715bb-dd6e-462c-80f3-3ea629b114c0,input to change the meeting's title
329,0.108,5,ğŸ«¥,1,0.309,4.20,âŒ,0.282,3.44,âŒ,0.699,7.64,87.84,mobile_13b715bb-dd6e-462c-80f3-3ea629b114c0,"turn off ""add meeting into calendar"" setting"
330,0.110,3,â˜‘ï¸,0,0.277,4.02,âœ…,0.000,0.00,âœ…,0.387,4.02,87.88,mobile_53e09f46-876e-4552-9037-ae4ef338dad3,show all news&magzaines apps
331,0.110,3,â˜‘ï¸,0,0.275,3.99,âœ…,0.000,0.00,âœ…,0.386,3.99,87.92,mobile_53e09f46-876e-4552-9037-ae4ef338dad3,show all games
332,0.134,1,ğŸ«¥,0,0.000,0.00,âœ…,0.584,14.53,âœ…,0.717,14.53,87.95,mobile_07c1d6c0-7f94-457e-94b4-1e855dc1aded,search games
333,0.109,5,ğŸ«¥,2,0.284,4.02,âŒ,0.361,5.73,âŒ,0.754,9.74,87.69,mobile_97752e81-d94b-49a1-8cb2-709395d63372,enter meeting id
334,0.107,5,ğŸ«¥,2,0.282,4.03,âœ…,0.297,3.98,âœ…,0.686,8.01,87.72,mobile_97752e81-d94b-49a1-8cb2-709395d63372,cancel the new meeting setting
335,0.107,5,ğŸ«¥,1,0.285,4.05,âŒ,0.526,3.71,âŒ,0.918,7.76,87.46,mobile_97752e81-d94b-49a1-8cb2-709395d63372,close mic when enter the online meeting room
336,0.224,2,â˜‘ï¸,0,0.284,3.99,âœ…,0.000,0.00,âœ…,0.508,3.99,87.50,mobile_6049f1b2-a8b8-4e39-bbac-ddd647cd3248,display noticfications
337,0.109,2,â˜‘ï¸,0,0.289,4.01,âœ…,0.000,0.00,âœ…,0.397,4.01,87.54,mobile_6049f1b2-a8b8-4e39-bbac-ddd647cd3248,arrange a meeting in schedula
338,0.108,2,â˜‘ï¸,0,0.276,3.98,âœ…,0.000,0.00,âœ…,0.384,3.98,87.57,mobile_6049f1b2-a8b8-4e39-bbac-ddd647cd3248,join a meeting
339,0.106,3,ğŸ«¥,1,0.284,4.14,âœ…,0.545,3.95,âœ…,0.935,8.09,87.61,mobile_b92938f8-6822-49e4-9612-67debab64e9d,view settings
340,0.106,3,â˜‘ï¸,0,0.296,4.14,âœ…,0.000,0.00,âœ…,0.402,4.14,87.65,mobile_b92938f8-6822-49e4-9612-67debab64e9d,view more functions
341,0.106,3,ğŸ«¥,1,0.284,4.15,âœ…,0.424,3.96,âœ…,0.815,8.10,87.68,mobile_b92938f8-6822-49e4-9612-67debab64e9d,display phone files
342,0.204,5,ğŸ«¥,1,0.591,4.03,âœ…,0.310,4.25,âŒ,1.105,8.28,87.43,mobile_aacb7bd4-e54a-4798-876a-eef079e17b2d,display public ip address
343,0.109,5,â˜‘ï¸,0,0.285,4.04,âœ…,0.000,0.00,âœ…,0.393,4.04,87.46,mobile_aacb7bd4-e54a-4798-876a-eef079e17b2d,turn off rule-based mode
344,0.115,2,â˜‘ï¸,0,0.272,3.99,âœ…,0.000,0.00,âœ…,0.387,3.99,87.50,mobile_674f6746-05c0-4e7d-93de-adf054f0eaf6,post a new article
345,0.115,2,ğŸ«¥,1,0.282,3.98,âœ…,0.549,11.33,âœ…,0.947,15.31,87.54,mobile_674f6746-05c0-4e7d-93de-adf054f0eaf6,play music
346,0.122,1,ğŸ«¥,0,0.000,0.00,âœ…,0.581,14.65,âœ…,0.703,14.65,87.57,mobile_b7323848-f2e7-492c-95aa-e33e731ff196,scan qr code
347,0.111,1,ğŸ«¥,0,0.000,0.00,âœ…,0.575,14.65,âœ…,0.686,14.65,87.61,mobile_b7323848-f2e7-492c-95aa-e33e731ff196,open night mode
348,0.109,1,ğŸ«¥,0,0.000,0.00,âœ…,0.581,14.65,âœ…,0.691,14.65,87.64,mobile_b7323848-f2e7-492c-95aa-e33e731ff196,stop timer
349,0.110,2,â˜‘ï¸,0,0.278,4.14,âœ…,0.000,0.00,âœ…,0.389,4.14,87.68,mobile_35351ad5-e887-4f0c-8e11-b0ae43776394,log in 
350,0.108,2,â˜‘ï¸,0,0.275,4.13,âœ…,0.000,0.00,âœ…,0.382,4.13,87.71,mobile_35351ad5-e887-4f0c-8e11-b0ae43776394,register
351,0.226,5,ğŸ«¥,1,0.470,4.19,âœ…,0.291,3.42,âœ…,0.988,7.61,87.75,mobile_5beaa36a-b6a1-44ee-9684-0d0b8afd0c0b,exchange target and source city
352,0.124,5,ğŸ«¥,1,0.296,4.18,âœ…,0.292,3.41,âœ…,0.712,7.59,87.78,mobile_5beaa36a-b6a1-44ee-9684-0d0b8afd0c0b,search the tickets
353,0.114,5,ğŸ«¥,1,0.553,4.19,âœ…,0.290,3.43,âœ…,0.956,7.62,87.82,mobile_5beaa36a-b6a1-44ee-9684-0d0b8afd0c0b,show high-speed track only
354,0.136,5,â˜‘ï¸,0,0.287,4.24,âœ…,0.000,0.00,âœ…,0.423,4.24,87.85,mobile_a1c4c142-4b8e-4db8-a74f-f84f047cbf46,persuit 9.95 CNY as telephone fee
355,0.261,5,â˜‘ï¸,0,0.493,4.22,âŒ,0.000,0.00,âŒ,0.754,4.22,87.61,mobile_a1c4c142-4b8e-4db8-a74f-f84f047cbf46,pay 99 rmb for telephone bill
356,0.129,5,â˜‘ï¸,0,0.295,4.19,âœ…,0.000,0.00,âœ…,0.423,4.19,87.64,mobile_a1c4c142-4b8e-4db8-a74f-f84f047cbf46,back to upper page
357,0.132,2,â˜‘ï¸,0,0.283,4.14,âœ…,0.000,0.00,âœ…,0.414,4.14,87.68,mobile_8d60dcfe-4771-4a34-9053-9195df7264c9,log out
358,0.131,2,ğŸ«¥,1,0.293,4.15,âœ…,0.349,5.14,âœ…,0.773,9.29,87.71,mobile_8d60dcfe-4771-4a34-9053-9195df7264c9,view data add ons
359,0.133,2,ğŸ«¥,1,0.286,4.15,âœ…,0.503,9.51,âœ…,0.921,13.66,87.74,mobile_8d60dcfe-4771-4a34-9053-9195df7264c9,display phone billings
360,0.215,2,â˜‘ï¸,0,0.285,4.15,âœ…,0.000,0.00,âœ…,0.500,4.15,87.78,mobile_791a59b0-e0dd-452f-b3c3-94238f7636f0,start speed test
361,0.111,2,ğŸ«¥,1,0.287,4.15,âœ…,0.499,9.88,âœ…,0.897,14.03,87.81,mobile_791a59b0-e0dd-452f-b3c3-94238f7636f0,display more options
362,0.221,2,ğŸ«¥,1,0.364,4.14,âœ…,0.342,4.84,âœ…,0.927,8.98,87.85,mobile_791a59b0-e0dd-452f-b3c3-94238f7636f0,display map
363,0.125,1,ğŸ«¥,0,0.000,0.00,âœ…,0.592,14.77,âœ…,0.717,14.77,87.88,mobile_71a65a77-a4ba-4853-9530-5e781cbbaa67,continue
364,0.120,1,ğŸ«¥,0,0.000,0.00,âœ…,0.593,14.79,âœ…,0.712,14.79,87.91,mobile_71a65a77-a4ba-4853-9530-5e781cbbaa67,show policy agreement
365,0.114,1,ğŸ«¥,0,0.000,0.00,âœ…,0.590,14.79,âœ…,0.704,14.79,87.95,mobile_48d10f78-a92e-43fb-ace1-c1a4f5bccb90,deny privacy terms
366,0.116,1,ğŸ«¥,0,0.000,0.00,âœ…,0.596,14.82,âœ…,0.712,14.82,87.98,mobile_48d10f78-a92e-43fb-ace1-c1a4f5bccb90,allow all require while use this app
367,0.118,1,ğŸ«¥,0,0.000,0.00,âœ…,0.598,14.82,âœ…,0.717,14.82,88.01,mobile_48d10f78-a92e-43fb-ace1-c1a4f5bccb90,only allow accessing of approximate location
368,0.112,2,â˜‘ï¸,0,0.285,4.14,âœ…,0.000,0.00,âœ…,0.397,4.14,88.04,mobile_d9e451e3-6238-496f-8cc4-37e019e1a9c3,done
369,0.292,1,ğŸ«¥,0,0.000,0.00,âœ…,0.593,14.83,âœ…,0.885,14.83,88.08,mobile_41049254-5e60-485c-b974-174ad6e98bd0,edit the overlay of this page
370,0.136,1,ğŸ«¥,0,0.000,0.00,âœ…,0.595,14.82,âœ…,0.731,14.82,88.11,mobile_41049254-5e60-485c-b974-174ad6e98bd0,return to homepage
371,0.113,1,ğŸ«¥,0,0.000,0.00,âœ…,0.589,14.84,âœ…,0.701,14.84,88.14,mobile_b4e274d0-a7b6-4cad-97ee-5581ef41c6a0,open my own twitch group
372,0.112,1,ğŸ«¥,0,0.000,0.00,âœ…,0.600,14.84,âœ…,0.712,14.84,88.17,mobile_b4e274d0-a7b6-4cad-97ee-5581ef41c6a0,join a twitch server
373,0.112,1,ğŸ«¥,0,0.000,0.00,âœ…,0.590,14.84,âœ…,0.702,14.84,88.20,mobile_b4e274d0-a7b6-4cad-97ee-5581ef41c6a0,use school group template
374,0.114,3,ğŸ«¥,1,0.296,4.17,âœ…,0.304,3.70,âœ…,0.714,7.88,88.24,mobile_508e7610-9e30-4626-9ea3-37bf194cb1dd,type my email address
375,0.111,3,ğŸ«¥,1,0.302,4.17,âœ…,0.305,3.70,âœ…,0.718,7.87,88.27,mobile_508e7610-9e30-4626-9ea3-37bf194cb1dd,display more information
376,0.116,3,â˜‘ï¸,0,0.288,4.17,âœ…,0.000,0.00,âœ…,0.404,4.17,88.30,mobile_508e7610-9e30-4626-9ea3-37bf194cb1dd,close this window
377,0.109,3,ğŸ«¥,1,0.281,4.01,âœ…,0.401,7.07,âœ…,0.791,11.09,88.33,mobile_5c444b03-c5ca-41d8-b4cb-e12f4f4a4387,open settings
378,0.109,3,â˜‘ï¸,0,0.277,4.03,âœ…,0.000,0.00,âœ…,0.386,4.03,88.36,mobile_5c444b03-c5ca-41d8-b4cb-e12f4f4a4387,search in this app
379,0.109,3,â˜‘ï¸,0,0.277,4.02,âœ…,0.000,0.00,âœ…,0.386,4.02,88.39,mobile_5c444b03-c5ca-41d8-b4cb-e12f4f4a4387,view mute channel
380,0.109,2,ğŸ«¥,1,0.278,4.15,âœ…,0.377,6.42,âœ…,0.764,10.57,88.42,mobile_f0b711c8-ab3c-4af5-b43b-452a718637ae,add status
381,0.108,2,ğŸ«¥,1,0.284,4.16,âœ…,0.374,6.42,âœ…,0.766,10.58,88.45,mobile_f0b711c8-ab3c-4af5-b43b-452a718637ae,check settings
382,0.117,4,ğŸ«¥,1,0.285,4.06,âœ…,0.269,3.17,âœ…,0.671,7.23,88.48,mobile_b84d7f20-7c25-4613-829f-6c620e223593,close the new message notification bar
383,0.118,4,â˜‘ï¸,0,0.288,4.03,âœ…,0.000,0.00,âœ…,0.407,4.03,88.51,mobile_b84d7f20-7c25-4613-829f-6c620e223593,show news
384,0.117,4,ğŸ«¥,2,0.283,4.06,âœ…,0.459,9.26,âŒ,0.859,13.32,88.28,mobile_b84d7f20-7c25-4613-829f-6c620e223593,add a fire emoji in the post
385,0.108,3,ğŸ«¥,1,0.278,4.02,âœ…,0.380,6.76,âŒ,0.766,10.78,88.05,mobile_1931c317-b01b-46c9-8c28-a5b81ad5495b,copy text
386,0.108,3,â˜‘ï¸,0,0.277,4.03,âŒ,0.000,0.00,âŒ,0.385,4.03,87.82,mobile_1931c317-b01b-46c9-8c28-a5b81ad5495b,add a emoji
387,0.115,3,â˜‘ï¸,0,0.283,4.18,âœ…,0.000,0.00,âœ…,0.398,4.18,87.86,mobile_df977636-55ed-4c99-8ff1-569ef8e6c78a,scan qr code
388,0.114,3,ğŸ«¥,1,0.283,4.21,âœ…,0.384,6.47,âŒ,0.781,10.67,87.63,mobile_df977636-55ed-4c99-8ff1-569ef8e6c78a,tap the icon for displaying more functional
389,0.113,3,ğŸ«¥,1,0.281,4.17,âœ…,0.372,6.44,âœ…,0.766,10.61,87.66,mobile_df977636-55ed-4c99-8ff1-569ef8e6c78a,transfer money
390,0.111,3,â˜‘ï¸,0,0.272,4.02,âœ…,0.000,0.00,âœ…,0.383,4.02,87.69,mobile_c988d05c-1c6d-4b0d-aacb-eafb866320fb,check settings
391,0.112,3,â˜‘ï¸,0,0.283,4.04,âœ…,0.000,0.00,âœ…,0.395,4.04,87.72,mobile_c988d05c-1c6d-4b0d-aacb-eafb866320fb,post a new tweet
392,0.122,3,ğŸ«¥,1,0.286,4.03,âœ…,0.404,7.12,âœ…,0.812,11.15,87.76,mobile_c988d05c-1c6d-4b0d-aacb-eafb866320fb,show all messages
393,0.112,2,â˜‘ï¸,0,0.282,4.18,âœ…,0.000,0.00,âœ…,0.393,4.18,87.79,mobile_8f5ecfa3-33b9-4306-bc67-87aacadfc45b,go back to previous page
394,0.110,2,â˜‘ï¸,0,0.276,4.24,âœ…,0.000,0.00,âœ…,0.386,4.24,87.82,mobile_8f5ecfa3-33b9-4306-bc67-87aacadfc45b,disable the setting of playing video and gif in wi...
395,0.110,2,â˜‘ï¸,0,0.274,4.20,âœ…,0.000,0.00,âœ…,0.385,4.20,87.85,mobile_8f5ecfa3-33b9-4306-bc67-87aacadfc45b,change the language to be translated into
396,0.113,4,ğŸ«¥,1,0.291,4.05,âœ…,0.332,4.58,âœ…,0.736,8.64,87.88,mobile_a84e2cd2-1d45-42c1-8e2e-5c06fa3419af,share to weibo
397,0.106,4,ğŸ«¥,1,0.283,4.05,âœ…,0.326,4.58,âœ…,0.715,8.63,87.91,mobile_a84e2cd2-1d45-42c1-8e2e-5c06fa3419af,share to twitter
398,0.106,4,ğŸ«¥,1,0.281,4.06,âœ…,0.324,4.59,âœ…,0.711,8.64,87.94,mobile_a84e2cd2-1d45-42c1-8e2e-5c06fa3419af,copy link to share
399,0.111,3,â˜‘ï¸,0,0.285,4.06,âŒ,0.000,0.00,âŒ,0.397,4.06,87.72,mobile_99daacb4-408c-4cdf-8f14-2c01675fda1f,Set to use the largest font size
400,0.111,3,â˜‘ï¸,0,0.281,4.05,âœ…,0.000,0.00,âœ…,0.393,4.05,87.75,mobile_99daacb4-408c-4cdf-8f14-2c01675fda1f,enable dark mode follow system
401,0.112,3,â˜‘ï¸,0,0.281,4.05,âœ…,0.000,0.00,âœ…,0.392,4.05,87.78,mobile_99daacb4-408c-4cdf-8f14-2c01675fda1f,return to upper page
402,0.118,3,ğŸ«¥,1,0.273,4.05,âœ…,0.464,8.92,âœ…,0.855,12.96,87.81,mobile_597cf265-2586-43ab-8048-99e06141f39f,fold the shown post
403,0.111,2,ğŸ«¥,1,0.274,4.03,âœ…,0.548,12.04,âœ…,0.934,16.06,87.84,mobile_7618dc0d-3998-4dd2-82db-86df2cc97da3,filter unread feeds
404,0.111,2,ğŸ«¥,1,0.273,4.03,âœ…,0.542,12.05,âœ…,0.925,16.09,87.87,mobile_7618dc0d-3998-4dd2-82db-86df2cc97da3,filter group weibo
405,0.111,2,â˜‘ï¸,0,0.274,4.04,âœ…,0.000,0.00,âœ…,0.385,4.04,87.90,mobile_7618dc0d-3998-4dd2-82db-86df2cc97da3,create a new post
406,0.109,1,ğŸ«¥,0,0.000,0.00,âœ…,0.573,15.11,âœ…,0.682,15.11,87.93,mobile_c3af996a-2d6c-47c2-ba3d-aae699016f0e,switch off sounds
407,0.114,2,â˜‘ï¸,0,0.274,4.19,âŒ,0.000,0.00,âŒ,0.387,4.19,87.71,mobile_bce7a892-9cb2-432a-b678-2429d4f51d3d,show all downloading apps
408,0.122,2,ğŸ«¥,2,0.275,4.18,âœ…,0.665,16.02,âŒ,1.062,20.20,87.50,mobile_bce7a892-9cb2-432a-b678-2429d4f51d3d,show softwares
409,0.111,1,ğŸ«¥,0,0.000,0.00,âœ…,0.579,15.14,âœ…,0.690,15.14,87.53,mobile_daf338f0-ebfc-488e-9a55-f8cc03394148,view all folded apps
410,0.115,4,â˜‘ï¸,0,0.278,4.05,âœ…,0.000,0.00,âœ…,0.393,4.05,87.56,mobile_31f8a5c2-e28a-488c-bb28-a31c823c9c83,open cleaner
411,0.126,2,ğŸ«¥,1,0.280,4.19,âœ…,0.433,8.58,âœ…,0.839,12.77,87.59,mobile_6ad7dd8f-82d3-4e73-b437-667dc1b24574,add a new device
412,0.118,2,ğŸ«¥,1,0.281,4.22,âœ…,0.434,8.62,âœ…,0.832,12.84,87.62,mobile_6ad7dd8f-82d3-4e73-b437-667dc1b24574,tap a button to open table lamp in bedroom
413,0.127,3,â˜‘ï¸,0,0.290,4.36,âœ…,0.000,0.00,âœ…,0.417,4.36,87.65,mobile_5a0b24f9-66fe-4593-bcf5-4752d5332bcf,turn on data roaming
414,0.113,3,â˜‘ï¸,0,0.291,4.35,âœ…,0.000,0.00,âœ…,0.403,4.35,87.68,mobile_5a0b24f9-66fe-4593-bcf5-4752d5332bcf,back to cellular
415,0.118,2,ğŸ«¥,1,0.292,4.36,âœ…,0.636,14.61,âœ…,1.046,18.97,87.71,mobile_9bbed1c6-3a9f-46ea-b2d3-39ae8abde54e,view last month cellular data
416,0.136,2,ğŸ«¥,2,0.295,4.34,âœ…,0.804,19.35,âœ…,1.235,23.68,87.74,mobile_9bbed1c6-3a9f-46ea-b2d3-39ae8abde54e,select network
417,0.117,2,â˜‘ï¸,0,0.293,4.38,âœ…,0.000,0.00,âœ…,0.410,4.38,87.77,mobile_9bbed1c6-3a9f-46ea-b2d3-39ae8abde54e,check the usage of cellular of wechat
418,0.167,1,ğŸ«¥,0,0.000,0.00,âœ…,0.690,18.40,âœ…,0.857,18.40,87.80,mobile_6bfcd1af-894e-4c63-b1c1-c5fabf589029,view social apps
419,0.172,1,ğŸ«¥,0,0.000,0.00,âœ…,0.699,18.41,âœ…,0.871,18.41,87.83,mobile_6bfcd1af-894e-4c63-b1c1-c5fabf589029,search in app library
420,0.165,1,ğŸ«¥,0,0.000,0.00,âœ…,0.682,18.41,âœ…,0.847,18.41,87.86,mobile_6bfcd1af-894e-4c63-b1c1-c5fabf589029,view travel apps
421,0.128,2,ğŸ«¥,1,0.287,4.35,âœ…,0.566,12.71,âœ…,0.981,17.05,87.89,mobile_59fde6e1-8df2-4009-ad8d-aa44bffd2bf2,cancel password input
422,0.112,2,ğŸ«¥,1,0.293,4.34,âœ…,0.611,13.66,âœ…,1.016,18.00,87.91,mobile_46f8e4b9-c563-43f2-a651-4b1e80ee9907,switch language
423,0.131,2,ğŸ«¥,2,0.292,4.36,âœ…,0.804,19.44,âŒ,1.227,23.80,87.71,mobile_46f8e4b9-c563-43f2-a651-4b1e80ee9907,open app automatic download
424,0.114,2,ğŸ«¥,1,0.292,4.37,âœ…,0.595,13.71,âœ…,1.001,18.08,87.74,mobile_46f8e4b9-c563-43f2-a651-4b1e80ee9907,turn off the app automatic update
425,0.113,2,â˜‘ï¸,0,0.291,4.35,âœ…,0.000,0.00,âœ…,0.404,4.35,87.76,mobile_46f8e4b9-c563-43f2-a651-4b1e80ee9907,set notifications
426,0.117,2,â˜‘ï¸,0,0.273,4.24,âœ…,0.000,0.00,âœ…,0.390,4.24,87.79,mobile_c47a7b32-1c13-414c-af34-f8ec2c7a0731,tap the toggle switch to open automatic download w...
427,0.118,2,â˜‘ï¸,0,0.274,4.20,âœ…,0.000,0.00,âœ…,0.392,4.20,87.82,mobile_c47a7b32-1c13-414c-af34-f8ec2c7a0731,back to settings
428,0.117,2,ğŸ«¥,1,0.275,4.20,âœ…,0.359,5.72,âœ…,0.751,9.92,87.85,mobile_c47a7b32-1c13-414c-af34-f8ec2c7a0731,check personalized recommendations
429,0.116,1,ğŸ«¥,0,0.000,0.00,âœ…,0.688,18.51,âœ…,0.804,18.51,87.88,mobile_8a1fada9-3afa-4eb7-8cef-8896bb2ab30e,view books setting
430,0.117,1,ğŸ«¥,0,0.000,0.00,âœ…,0.692,18.54,âœ…,0.808,18.54,87.91,mobile_8a1fada9-3afa-4eb7-8cef-8896bb2ab30e,check settings of apple store
431,0.116,1,ğŸ«¥,0,0.000,0.00,âœ…,0.698,18.54,âœ…,0.814,18.54,87.94,mobile_8a1fada9-3afa-4eb7-8cef-8896bb2ab30e,check feishu
432,0.187,2,ğŸ«¥,1,0.297,4.38,âœ…,0.598,13.75,âœ…,1.082,18.13,87.96,mobile_16545bc1-c614-4dc3-a81c-3d349a93e07d,View AirPods playback setting
433,0.211,2,ğŸ«¥,1,0.297,4.37,âœ…,0.621,13.76,âœ…,1.129,18.13,87.99,mobile_16545bc1-c614-4dc3-a81c-3d349a93e07d,tap to scan qr code
434,0.148,1,ğŸ«¥,0,0.000,0.00,âŒ,0.699,18.59,âŒ,0.847,18.59,87.79,mobile_b550b4ed-79ce-446a-a1c3-a164b314bfe8,check out jony j's album
435,0.131,1,ğŸ«¥,0,0.000,0.00,âœ…,1.003,18.60,âœ…,1.134,18.60,87.82,mobile_6e041214-1095-476a-8779-04db83de5781,add a new song to the album
436,0.130,1,ğŸ«¥,0,0.000,0.00,âœ…,0.695,18.58,âœ…,0.825,18.58,87.84,mobile_6e041214-1095-476a-8779-04db83de5781,play this album
437,0.154,4,ğŸ«¥,1,0.290,4.23,âœ…,0.361,5.73,âœ…,0.805,9.96,87.87,mobile_f6313b8a-4258-47d1-97af-7868e04979a4,pause the music
438,0.159,4,â˜‘ï¸,0,0.288,4.23,âœ…,0.000,0.00,âœ…,0.447,4.23,87.90,mobile_f6313b8a-4258-47d1-97af-7868e04979a4,play next song
439,0.143,3,ğŸ«¥,1,0.295,4.38,âœ…,0.303,3.72,âœ…,0.740,8.10,87.93,mobile_ec01cb13-de9a-4a4b-9a79-5f810b034474,use airplay
440,0.142,3,â˜‘ï¸,0,0.295,4.38,âœ…,0.000,0.00,âœ…,0.438,4.38,87.95,mobile_ec01cb13-de9a-4a4b-9a79-5f810b034474,check the play list
441,0.133,3,ğŸ«¥,1,0.303,4.25,âœ…,0.506,10.56,âœ…,0.942,14.82,87.98,mobile_e550d5f2-308d-4027-ad04-8c2ba9e8d2d1,play the opening the channel (mixed)
442,0.157,2,ğŸ«¥,2,0.286,4.38,âœ…,0.819,20.23,âœ…,1.262,24.61,88.01,mobile_86bad4a5-d11b-4f2d-b367-5180a49ca4b5,view all country musics
443,0.155,2,ğŸ«¥,1,0.303,4.39,âœ…,0.692,15.86,âœ…,1.150,20.25,88.04,mobile_86bad4a5-d11b-4f2d-b367-5180a49ca4b5,check out the yeedm album
444,0.149,4,ğŸ«¥,3,0.297,4.25,âœ…,0.534,11.04,âŒ,0.979,15.29,87.84,mobile_88d4e5a0-ca4e-4dc7-9b43-1932dc5aa896,add this song to library
445,0.150,4,ğŸ«¥,1,0.293,4.24,âŒ,0.328,4.71,âŒ,0.770,8.96,87.64,mobile_88d4e5a0-ca4e-4dc7-9b43-1932dc5aa896,share song with someone
446,0.149,4,â˜‘ï¸,0,0.294,4.25,âœ…,0.000,0.00,âœ…,0.442,4.25,87.67,mobile_88d4e5a0-ca4e-4dc7-9b43-1932dc5aa896,add this song to favorite
447,0.145,2,ğŸ«¥,1,0.287,4.38,âœ…,0.539,11.93,âŒ,0.971,16.31,87.47,mobile_c9fe8f06-aa80-4f6a-abe2-5886567fdea3,switch to song lyric
448,0.145,2,ğŸ«¥,1,0.286,4.38,âœ…,0.364,5.77,âœ…,0.794,10.15,87.50,mobile_c9fe8f06-aa80-4f6a-abe2-5886567fdea3,switch to shuffle play music
449,0.148,2,ğŸ«¥,1,0.292,4.39,âœ…,0.356,5.77,âœ…,0.796,10.15,87.53,mobile_c9fe8f06-aa80-4f6a-abe2-5886567fdea3,switch to sequential music playback
450,0.212,1,ğŸ«¥,0,0.000,0.00,âœ…,0.968,26.69,âœ…,1.181,26.69,87.56,mobile_02e9bl,view the photo pictured in Apr 11
451,0.171,2,ğŸ«¥,1,0.329,5.98,âŒ,0.424,7.61,âŒ,0.924,13.58,87.36,mobile_0ze76a,share this stock
452,0.143,3,â˜‘ï¸,0,0.326,5.16,âŒ,0.000,0.00,âŒ,0.469,5.16,87.17,mobile_456lbi,close this window
453,0.178,1,ğŸ«¥,0,0.000,0.00,âœ…,0.934,26.73,âœ…,1.113,26.73,87.20,mobile_47gvof,Modify the alarm sound when timer ends
454,0.151,2,â˜‘ï¸,0,0.316,5.34,âœ…,0.000,0.00,âœ…,0.467,5.34,87.22,mobile_4kk4kc,view the TCP settings
455,0.143,3,â˜‘ï¸,0,0.322,5.36,âŒ,0.000,0.00,âŒ,0.464,5.36,87.03,mobile_4yoej9,log in with google account
456,0.215,1,ğŸ«¥,0,0.000,0.00,âŒ,0.920,26.74,âŒ,1.136,26.74,86.84,mobile_51nu75,switch to uppercase input
457,0.161,2,â˜‘ï¸,0,0.336,5.98,âœ…,0.000,0.00,âœ…,0.497,5.98,86.87,mobile_51vhbq,refresh this page
458,0.284,1,ğŸ«¥,0,0.000,0.00,âœ…,1.148,26.78,âœ…,1.433,26.78,86.90,mobile_5a33tm,view the calandar 
459,0.160,1,ğŸ«¥,0,0.000,0.00,âŒ,0.854,24.71,âŒ,1.014,24.71,86.71,mobile_6edzq7,switch on automatic downloads using cellular data
460,0.164,1,ğŸ«¥,0,0.000,0.00,âœ…,0.833,24.69,âœ…,0.997,24.69,86.74,mobile_7ug1dm,send feedback
461,0.149,2,ğŸ«¥,1,0.314,5.37,âœ…,0.656,15.95,âœ…,1.119,21.32,86.77,mobile_7us4hm,create a movie project from scratch 
462,0.251,1,ğŸ«¥,0,0.000,0.00,âŒ,0.922,26.83,âŒ,1.173,26.83,86.58,mobile_8u6mj9,Adjust the camera focus
463,0.142,3,â˜‘ï¸,0,0.321,5.38,âœ…,0.000,0.00,âœ…,0.463,5.38,86.61,mobile_9go02u,locate the record of lap 3
464,0.142,2,â˜‘ï¸,0,0.329,6.00,âœ…,0.000,0.00,âœ…,0.471,6.00,86.64,mobile_anffus,start a new recording
465,0.146,4,â˜‘ï¸,0,0.322,5.37,âœ…,0.000,0.00,âœ…,0.468,5.37,86.67,mobile_ax0vnf,show more awards
466,0.144,2,â˜‘ï¸,0,0.572,5.35,âœ…,0.000,0.00,âœ…,0.716,5.35,86.70,mobile_bin70f,enable associated domains development
467,0.201,3,ğŸ«¥,1,0.324,5.18,âœ…,0.620,14.83,âœ…,1.146,20.02,86.72,mobile_bojubn,pause the playing music
468,0.245,2,ğŸ«¥,1,0.326,6.02,âœ…,0.535,11.39,âœ…,1.107,17.41,86.75,mobile_c9n6vg,switch the service to onedrive
469,0.154,5,ğŸ«¥,1,0.347,6.05,âœ…,0.349,4.93,âœ…,0.849,10.97,86.78,mobile_d6m47l,view all my devices
470,0.140,1,ğŸ«¥,0,0.000,0.00,âœ…,0.761,22.06,âœ…,0.901,22.06,86.81,mobile_de4puu,turn on the flashlight
471,0.153,2,â˜‘ï¸,0,0.313,5.40,âœ…,0.000,0.00,âœ…,0.466,5.40,86.84,mobile_drmphj,check out the information of restaurants in  Disne...
472,0.169,2,ğŸ«¥,1,0.329,5.65,âœ…,0.529,10.48,âœ…,1.027,16.13,86.86,mobile_ei9pzn,switch on airplane mode
473,0.146,2,â˜‘ï¸,0,0.338,5.79,âœ…,0.000,0.00,âœ…,0.484,5.79,86.89,mobile_ezvzt1,scan the qr code
474,0.146,6,ğŸ«¥,4,0.324,5.41,âœ…,0.575,12.74,âŒ,1.046,18.14,86.71,mobile_f4j7l5,update Google chrome
475,0.170,2,â˜‘ï¸,0,0.337,6.04,âœ…,0.000,0.00,âœ…,0.507,6.04,86.74,mobile_fgypk7,disallow notability to access my microphone
476,0.160,1,ğŸ«¥,0,0.000,0.00,âœ…,0.839,24.95,âœ…,0.999,24.95,86.76,mobile_ghbnwh,Modify DiDi's location permission
477,0.145,2,ğŸ«¥,1,0.314,5.37,âœ…,0.806,21.02,âœ…,1.264,26.39,86.79,mobile_gtq93d,display notifications as list format
478,0.144,2,ğŸ«¥,1,0.323,5.39,âœ…,0.685,17.28,âœ…,1.152,22.68,86.82,mobile_gxel80,adjust the preferred language for hearthstone
479,0.136,4,ğŸ«¥,1,0.306,5.05,âœ…,0.394,6.93,âœ…,0.836,11.98,86.85,mobile_hydu17,exclude the control of calculator
480,0.158,2,â˜‘ï¸,0,0.319,5.37,âœ…,0.000,0.00,âœ…,0.477,5.37,86.88,mobile_inxnbt,view open source software
481,0.144,3,â˜‘ï¸,0,0.311,5.20,âœ…,0.000,0.00,âœ…,0.455,5.20,86.90,mobile_je83pz,view my reading list
482,0.169,2,ğŸ«¥,1,0.333,6.03,âœ…,0.684,16.08,âœ…,1.186,22.11,86.93,mobile_kxukat,add a new reminder
483,0.205,2,ğŸ«¥,1,0.325,6.07,âœ…,0.724,17.64,âœ…,1.254,23.72,86.96,mobile_lgsxb6,view more information of Fudan University attached...
484,0.143,3,ğŸ«¥,1,0.328,5.41,âœ…,0.677,16.74,âœ…,1.148,22.15,86.98,mobile_ly188d,"choose my country as US, English"
485,0.144,4,â˜‘ï¸,0,0.321,5.40,âœ…,0.000,0.00,âœ…,0.465,5.40,87.01,mobile_macajw,disallow friend requests
486,0.142,2,ğŸ«¥,1,0.314,5.39,âœ…,0.798,21.14,âœ…,1.254,26.53,87.04,mobile_oap5oc,view more details about nutrition
487,0.144,2,â˜‘ï¸,0,0.317,5.39,âœ…,0.000,0.00,âœ…,0.461,5.39,87.06,mobile_pouj3h,check my recently deleted message
488,0.253,1,ğŸ«¥,0,0.000,0.00,âŒ,0.926,27.31,âŒ,1.179,27.31,86.89,mobile_q24p8x,switch the temperature display to Fahrenheit
489,0.153,4,ğŸ«¥,1,0.322,5.42,âœ…,0.374,5.80,âœ…,0.850,11.22,86.91,mobile_r2v2ix,select snoopy as watch face
490,0.352,1,ğŸ«¥,0,0.000,0.00,âœ…,0.951,27.34,âœ…,1.303,27.34,86.94,mobile_rhb1da,Open the Magnifier app
491,0.215,3,â˜‘ï¸,0,0.348,6.06,âœ…,0.000,0.00,âœ…,0.563,6.06,86.97,mobile_rwsoe7,view more information about visibility
492,0.183,1,ğŸ«¥,0,0.000,0.00,âœ…,0.871,25.20,âœ…,1.053,25.20,86.99,mobile_rxb2i5,add this note to favorites
493,0.151,4,ğŸ«¥,1,0.357,5.43,âŒ,0.556,11.77,âŒ,1.064,17.20,86.82,mobile_vqzf88,check the weather of ottawa
494,0.438,3,ğŸ«¥,1,0.347,5.22,âœ…,0.605,13.36,âœ…,1.390,18.58,86.84,mobile_wn61sa,switch on overwrite server
495,0.242,2,ğŸ«¥,2,0.322,5.20,âœ…,1.051,26.87,âœ…,1.615,32.06,86.87,mobile_y6mqo1,open app store
496,0.196,1,ğŸ«¥,0,0.000,0.00,âœ…,0.965,27.44,âœ…,1.162,27.44,86.90,mobile_y8n283,unlock the zoom 
497,0.154,3,ğŸ«¥,1,0.354,6.07,âœ…,0.465,8.83,âœ…,0.973,14.90,86.92,mobile_yoaurq,add a new preferred language
498,0.154,5,ğŸ«¥,1,0.342,5.63,âœ…,0.418,6.62,âœ…,0.915,12.25,86.95,mobile_z0bava,check my qq coins 
499,0.140,2,â˜‘ï¸,0,0.315,5.05,âœ…,0.000,0.00,âœ…,0.455,5.05,86.97,mobile_zigyqt,Check the latest QQ notification
500,0.158,2,â˜‘ï¸,0,0.335,6.06,âœ…,0.000,0.00,âœ…,0.493,6.06,87.00,mobile_zn2mmo,add a new alarm
501,0.311,1,ğŸ«¥,0,0.000,0.00,âœ…,0.944,27.54,âœ…,1.255,27.54,87.03,mobile_zvu1nq,open the doc named Vclass
