idx,crop_time,num_crop,early_exit,num_selected_crop,s1_time,s1_tflops,s1_hit,s2_time,s2_tflops,s2_hit,total_time,total_flops_tflops,acc_uptonow,filename,instruction
1,0.250,2,ğŸ«¥,1,0.343,5.30,âœ…,1.543,7.95,âœ…,2.135,13.25,100.00,mobile_1ca5b944-293a-46a1-af95-eb35bc8a0b2a,check the weather
2,0.216,2,ğŸ«¥,1,0.331,5.30,âœ…,0.462,7.96,âœ…,1.009,13.25,100.00,mobile_1ca5b944-293a-46a1-af95-eb35bc8a0b2a,view world clock
3,0.215,2,ğŸ«¥,1,0.337,5.31,âœ…,0.624,11.19,âœ…,1.176,16.49,100.00,mobile_1ca5b944-293a-46a1-af95-eb35bc8a0b2a,open facetime app
4,0.209,2,ğŸ«¥,1,0.334,5.30,âœ…,0.626,11.19,âœ…,1.169,16.49,100.00,mobile_1ca5b944-293a-46a1-af95-eb35bc8a0b2a,open the camera
5,0.146,2,ğŸ«¥,1,0.326,5.30,âœ…,0.596,10.53,âŒ,1.068,15.83,80.00,mobile_6949b916-64c8-431f-8842-a29a9a557641,view the menu
6,0.293,2,ğŸ«¥,1,0.328,5.31,âœ…,0.572,10.54,âŒ,1.193,15.85,66.67,mobile_6949b916-64c8-431f-8842-a29a9a557641,select source language
7,0.140,2,ğŸ«¥,1,0.317,5.31,âœ…,0.565,10.55,âœ…,1.021,15.86,71.43,mobile_6949b916-64c8-431f-8842-a29a9a557641,close the translation
8,0.134,2,ğŸ«¥,1,0.316,5.32,âœ…,0.521,9.26,âœ…,0.970,14.57,75.00,mobile_702eab66-81f1-4aac-a252-37b5f7c3ae68,translate the input sentence
9,0.176,2,ğŸ«¥,1,0.407,5.03,âœ…,0.696,13.32,âœ…,1.279,18.35,77.78,mobile_a1366f87-f1f1-402c-911a-d239eb60eac8,add a new file
10,0.196,2,ğŸ«¥,1,0.315,5.04,âœ…,0.674,13.33,âœ…,1.186,18.37,80.00,mobile_a1366f87-f1f1-402c-911a-d239eb60eac8,click the search bar
11,0.236,2,ğŸ«¥,1,0.312,5.05,âœ…,0.417,6.20,âœ…,0.964,11.25,81.82,mobile_a1366f87-f1f1-402c-911a-d239eb60eac8,view the settings in this app
12,0.175,2,ğŸ«¥,1,0.312,5.03,âœ…,0.687,13.35,âœ…,1.174,18.39,83.33,mobile_a1366f87-f1f1-402c-911a-d239eb60eac8,check shared files
13,0.137,5,ğŸ«¥,1,0.334,5.07,âœ…,0.341,4.46,âœ…,0.811,9.53,84.62,mobile_c71efbd9-cd10-4564-949e-50b3b034328a,add an event
14,0.136,5,ğŸ«¥,1,0.330,5.07,âœ…,0.341,4.45,âœ…,0.808,9.52,85.71,mobile_c71efbd9-cd10-4564-949e-50b3b034328a,search event
15,0.136,5,ğŸ«¥,1,0.329,5.08,âœ…,0.341,4.46,âœ…,0.806,9.54,86.67,mobile_c71efbd9-cd10-4564-949e-50b3b034328a,view as year
16,0.144,5,ğŸ«¥,1,0.340,5.09,âœ…,0.330,3.92,âœ…,0.814,9.01,87.50,mobile_c71efbd9-cd10-4564-949e-50b3b034328a,the fifth in this month
17,0.322,2,ğŸ«¥,2,0.317,5.34,âœ…,1.528,20.36,âœ…,2.168,25.70,88.24,mobile_1c1d54b4-5ac1-40cd-9dc6-21a8d3c97d6e,click to lock rotation
18,0.259,2,ğŸ«¥,1,0.321,5.34,âœ…,0.545,9.98,âœ…,1.125,15.32,88.89,mobile_1c1d54b4-5ac1-40cd-9dc6-21a8d3c97d6e,close do not disturb
19,0.253,2,ğŸ«¥,2,0.318,5.33,âœ…,1.045,20.41,âœ…,1.615,25.74,89.47,mobile_1c1d54b4-5ac1-40cd-9dc6-21a8d3c97d6e,adjust the voice
20,0.259,2,ğŸ«¥,2,0.316,5.34,âœ…,1.043,20.43,âœ…,1.619,25.77,90.00,mobile_1c1d54b4-5ac1-40cd-9dc6-21a8d3c97d6e,open the timer
21,0.131,2,ğŸ«¥,1,0.318,5.34,âœ…,0.561,10.67,âŒ,1.010,16.02,85.71,mobile_0570bb62-77b0-4d1d-90f4-5e322c2bca17,Check handwriting mode options
22,0.130,2,ğŸ«¥,1,0.316,5.34,âœ…,0.562,10.68,âœ…,1.008,16.02,86.36,mobile_0570bb62-77b0-4d1d-90f4-5e322c2bca17,take a photo
23,0.148,2,ğŸ«¥,1,0.319,5.37,âœ…,0.756,14.55,âœ…,1.223,19.92,86.96,mobile_4b1df148-c6ac-452a-b55d-f8e6c6dee059,"open the file named ""result"""
24,0.172,2,ğŸ«¥,1,0.317,5.35,âœ…,0.375,5.80,âœ…,0.865,11.15,87.50,mobile_4b1df148-c6ac-452a-b55d-f8e6c6dee059,view icloud drive
25,0.149,2,ğŸ«¥,1,0.317,5.35,âœ…,0.772,14.56,âœ…,1.238,19.91,88.00,mobile_4b1df148-c6ac-452a-b55d-f8e6c6dee059,add a new file
26,0.172,2,ğŸ«¥,1,0.316,5.07,âœ…,0.539,10.04,âœ…,1.028,15.11,88.46,mobile_a8181231-d30c-4051-9ff2-16808694adbf,search in this note
27,0.153,2,ğŸ«¥,1,0.314,5.07,âœ…,0.545,10.05,âœ…,1.012,15.12,88.89,mobile_a8181231-d30c-4051-9ff2-16808694adbf,add a new page
28,0.156,2,ğŸ«¥,1,0.316,5.06,âœ…,0.544,10.05,âœ…,1.016,15.11,89.29,mobile_a8181231-d30c-4051-9ff2-16808694adbf,get more information
29,0.135,2,ğŸ«¥,1,0.335,5.36,âœ…,0.439,7.47,âœ…,0.908,12.83,89.66,mobile_5313a7b6-4c3a-442f-a5d3-6d53fc8d3ad9,tap the search bar
30,0.134,2,ğŸ«¥,1,0.332,5.36,âœ…,0.440,7.47,âœ…,0.906,12.83,90.00,mobile_5313a7b6-4c3a-442f-a5d3-6d53fc8d3ad9,check the pinned files
31,0.136,2,ğŸ«¥,1,0.330,5.35,âœ…,0.634,12.14,âœ…,1.101,17.50,90.32,mobile_5313a7b6-4c3a-442f-a5d3-6d53fc8d3ad9,sign in
32,0.166,3,ğŸ«¥,1,0.287,4.06,âœ…,0.536,9.89,âœ…,0.990,13.94,90.62,mobile_1a514eae-4ee0-4780-a059-c47715828e3b,open flight mode
33,0.166,3,ğŸ«¥,1,0.287,4.06,âœ…,0.531,9.90,âœ…,0.983,13.96,90.91,mobile_1a514eae-4ee0-4780-a059-c47715828e3b,open the calculator app
34,0.167,3,ğŸ«¥,1,0.288,4.07,âœ…,0.527,9.91,âŒ,0.982,13.97,88.24,mobile_1a514eae-4ee0-4780-a059-c47715828e3b,open the screen recorder
35,0.166,3,ğŸ«¥,1,0.288,4.07,âœ…,0.532,9.91,âœ…,0.986,13.98,88.57,mobile_1a514eae-4ee0-4780-a059-c47715828e3b,switch on focus mode
36,0.173,3,ğŸ«¥,1,0.267,3.94,âœ…,0.295,3.50,âœ…,0.735,7.44,88.89,mobile_93dec21b-d612-41df-9f76-933ceadaba66,launch the photos app
37,0.173,3,ğŸ«¥,1,0.280,3.93,âœ…,0.507,9.25,âœ…,0.961,13.18,89.19,mobile_93dec21b-d612-41df-9f76-933ceadaba66,open the clock
38,0.173,3,ğŸ«¥,1,0.268,3.94,âœ…,0.503,9.26,âœ…,0.945,13.20,89.47,mobile_93dec21b-d612-41df-9f76-933ceadaba66,open the app store
39,0.173,3,ğŸ«¥,1,0.268,3.93,âœ…,0.504,9.26,âœ…,0.945,13.20,89.74,mobile_93dec21b-d612-41df-9f76-933ceadaba66,check iphone settings
40,0.156,2,ğŸ«¥,1,0.285,4.11,âœ…,0.403,6.75,âœ…,0.844,10.86,90.00,mobile_3925834b-893d-4cdf-b9cf-a602466175f3,check the new ios 17.2.1
41,0.308,2,ğŸ«¥,1,0.351,4.05,âœ…,0.483,8.29,âœ…,1.142,12.34,90.24,mobile_3925834b-893d-4cdf-b9cf-a602466175f3,check wlan settings
42,0.323,2,ğŸ«¥,1,0.560,4.05,âœ…,0.790,8.29,âœ…,1.672,12.34,90.48,mobile_3925834b-893d-4cdf-b9cf-a602466175f3,check bluetooth
43,0.155,2,ğŸ«¥,1,0.288,4.06,âœ…,0.476,8.30,âœ…,0.918,12.36,90.70,mobile_3925834b-893d-4cdf-b9cf-a602466175f3,check vpn settings
44,0.155,2,ğŸ«¥,1,0.269,3.93,âœ…,0.422,7.03,âœ…,0.846,10.95,90.91,mobile_9b66c296-5f43-4312-b933-4dfabf00247c,view icloud
45,0.154,2,ğŸ«¥,1,0.270,3.93,âœ…,0.460,7.98,âœ…,0.884,11.91,91.11,mobile_9b66c296-5f43-4312-b933-4dfabf00247c,back to settings
46,0.155,2,ğŸ«¥,2,0.271,3.94,âœ…,0.791,15.52,âœ…,1.217,19.46,91.30,mobile_9b66c296-5f43-4312-b933-4dfabf00247c,view password & security details
47,0.217,2,ğŸ«¥,1,0.518,3.93,âœ…,0.711,13.59,âŒ,1.446,17.52,89.36,mobile_5c9fb5f1-7d84-4283-8ba4-7821a9545c95,open the wlan
48,0.113,2,ğŸ«¥,1,0.272,3.94,âœ…,0.678,13.61,âœ…,1.063,17.54,89.58,mobile_5c9fb5f1-7d84-4283-8ba4-7821a9545c95,edit the wlan setting
49,0.124,2,ğŸ«¥,1,0.269,3.96,âœ…,0.674,13.65,âœ…,1.067,17.61,89.80,mobile_5c9fb5f1-7d84-4283-8ba4-7821a9545c95,choose the pjlab-guest as network
50,0.113,2,ğŸ«¥,1,0.269,3.96,âœ…,0.679,13.65,âœ…,1.061,17.61,90.00,mobile_5c9fb5f1-7d84-4283-8ba4-7821a9545c95,view detail information about pjlab-office
51,0.113,2,ğŸ«¥,1,0.283,4.07,âœ…,0.652,12.90,âœ…,1.048,16.97,90.20,mobile_70580ad8-f119-4db6-813b-81f950e0569e,choose the stack mode
52,0.113,2,ğŸ«¥,1,0.279,4.07,âœ…,0.659,12.90,âœ…,1.051,16.97,90.38,mobile_70580ad8-f119-4db6-813b-81f950e0569e,check scheduled summary
53,0.128,2,ğŸ«¥,1,0.288,4.07,âœ…,0.666,12.91,âœ…,1.082,16.98,90.57,mobile_70580ad8-f119-4db6-813b-81f950e0569e,check announce notifications
54,0.135,2,ğŸ«¥,1,0.293,4.08,âœ…,0.501,8.70,âœ…,0.928,12.78,90.74,mobile_8e7e6de4-2eac-400c-b845-291fa80c5c7c,check airdrop setting
55,0.135,2,ğŸ«¥,2,0.291,4.08,âœ…,0.808,16.05,âœ…,1.233,20.13,90.91,mobile_8e7e6de4-2eac-400c-b845-291fa80c5c7c,view carplay settings
56,0.134,2,ğŸ«¥,1,0.298,4.07,âŒ,0.495,8.70,âŒ,0.927,12.77,89.29,mobile_8e7e6de4-2eac-400c-b845-291fa80c5c7c,view iphone storage
57,0.128,2,ğŸ«¥,1,0.286,4.07,âœ…,0.405,6.76,âœ…,0.819,10.83,89.47,mobile_8e7e6de4-2eac-400c-b845-291fa80c5c7c,check keyboard settings
58,0.180,2,ğŸ«¥,1,0.269,3.97,âœ…,0.434,7.43,âœ…,0.883,11.40,89.66,mobile_db81809e-7672-4329-8453-f622d97fa7ca,disable the allow siri when locked option
59,0.130,2,ğŸ«¥,1,0.268,3.93,âœ…,0.443,7.72,âœ…,0.840,11.65,89.83,mobile_db81809e-7672-4329-8453-f622d97fa7ca,show suggestions
60,0.128,2,ğŸ«¥,2,0.268,3.97,âœ…,0.786,15.75,âœ…,1.182,19.72,90.00,mobile_db81809e-7672-4329-8453-f622d97fa7ca,view siri & dictation history
61,0.113,4,ğŸ«¥,1,0.279,3.85,âœ…,0.672,7.11,âœ…,1.065,10.96,90.16,mobile_e3249127-d727-4553-9a2a-db645f430d9b,view battery health & charging settings
62,0.113,4,ğŸ«¥,1,0.278,3.88,âœ…,0.271,3.02,âœ…,0.662,6.90,90.32,mobile_e3249127-d727-4553-9a2a-db645f430d9b,choose last 10 days data details of battery
63,0.113,4,ğŸ«¥,1,0.278,3.85,âœ…,0.421,7.11,âœ…,0.812,10.96,90.48,mobile_e3249127-d727-4553-9a2a-db645f430d9b,turn on low power mode
64,0.173,3,ğŸ«¥,3,0.281,3.96,âœ…,0.787,15.80,âŒ,1.241,19.76,89.06,mobile_907cb7d2-9953-476e-b589-5526587c3913,take a photo
65,0.175,3,ğŸ«¥,1,0.275,3.99,âœ…,0.455,8.11,âœ…,0.905,12.09,89.23,mobile_907cb7d2-9953-476e-b589-5526587c3913,switch to 0.5x
66,0.174,3,ğŸ«¥,1,0.275,3.96,âŒ,0.298,3.80,âŒ,0.747,7.76,87.88,mobile_907cb7d2-9953-476e-b589-5526587c3913,invert the lens
67,0.174,3,ğŸ«¥,1,0.277,3.97,âœ…,0.330,4.09,âœ…,0.781,8.06,88.06,mobile_907cb7d2-9953-476e-b589-5526587c3913,switch to portrait mode
68,0.136,3,ğŸ«¥,1,0.294,4.10,âœ…,0.270,2.71,âœ…,0.700,6.81,88.24,mobile_f1247381-fcf6-440f-8787-19bce69e28de,add an event
69,0.118,3,ğŸ«¥,1,0.291,4.13,âœ…,0.274,2.73,âœ…,0.683,6.86,88.41,mobile_f1247381-fcf6-440f-8787-19bce69e28de,back to 2023
70,0.118,3,ğŸ«¥,1,0.290,4.11,âœ…,0.268,2.71,âœ…,0.676,6.82,88.57,mobile_f1247381-fcf6-440f-8787-19bce69e28de,search in the calendar
71,0.118,3,ğŸ«¥,2,0.291,4.10,âœ…,0.534,9.47,âœ…,0.943,13.57,88.73,mobile_f1247381-fcf6-440f-8787-19bce69e28de,check inbox
72,0.117,3,ğŸ«¥,1,0.290,4.12,âœ…,0.432,7.47,âœ…,0.838,11.60,88.89,mobile_f1247381-fcf6-440f-8787-19bce69e28de,View December 28th
73,0.113,3,ğŸ«¥,1,0.280,4.10,âœ…,0.358,5.57,âœ…,0.751,9.67,89.04,mobile_e9d69310-692c-4a78-8b8d-b961a5cfec70,cancel the event
74,0.112,3,ğŸ«¥,1,0.287,4.11,âœ…,0.454,8.13,âœ…,0.853,12.24,89.19,mobile_e9d69310-692c-4a78-8b8d-b961a5cfec70,set the repeat mode
75,0.112,3,ğŸ«¥,1,0.289,4.11,âœ…,0.315,4.10,âœ…,0.716,8.20,89.33,mobile_1f9b6434-df6c-4c95-b325-4f7a4d90d304,start a timer
76,0.112,3,ğŸ«¥,1,0.289,4.13,âŒ,0.355,5.30,âŒ,0.756,9.43,88.16,mobile_1f9b6434-df6c-4c95-b325-4f7a4d90d304,Check alarm sound settings for timer end
77,0.112,3,ğŸ«¥,1,0.287,4.10,âœ…,0.365,5.27,âœ…,0.765,9.37,88.31,mobile_1f9b6434-df6c-4c95-b325-4f7a4d90d304,view alarm
78,0.140,2,ğŸ«¥,1,0.279,4.11,âœ…,0.560,10.96,âœ…,0.980,15.07,88.46,mobile_e0fb2f66-6e2c-42d6-8cfd-34e510f1ab2e,add funds to apple id
79,0.140,2,ğŸ«¥,1,0.280,4.09,âœ…,0.556,10.94,âœ…,0.977,15.04,88.61,mobile_e0fb2f66-6e2c-42d6-8cfd-34e510f1ab2e,view notifications
80,0.179,3,ğŸ«¥,1,0.276,3.98,âœ…,0.487,8.84,âœ…,0.942,12.82,88.75,mobile_2b707da9-bf86-410d-b886-cba08b6efb35,switch on personal hotspot
81,0.179,3,ğŸ«¥,1,0.277,3.99,âœ…,0.492,8.85,âœ…,0.947,12.84,88.89,mobile_2b707da9-bf86-410d-b886-cba08b6efb35,view airdrop setting
82,0.184,3,ğŸ«¥,1,0.278,3.98,âœ…,0.490,8.84,âœ…,0.952,12.82,89.02,mobile_2b707da9-bf86-410d-b886-cba08b6efb35,open airplane mode
83,0.152,3,ğŸ«¥,1,0.289,4.12,âœ…,0.315,4.11,âœ…,0.756,8.22,89.16,mobile_0affae67-191e-43fa-890d-778555ffbab0,check my account
84,0.137,3,ğŸ«¥,1,0.291,4.12,âœ…,0.318,4.11,âœ…,0.746,8.24,89.29,mobile_0affae67-191e-43fa-890d-778555ffbab0,tap the search bar
85,0.136,3,ğŸ«¥,1,0.297,4.12,âœ…,0.402,6.86,âœ…,0.835,10.97,89.41,mobile_0affae67-191e-43fa-890d-778555ffbab0,cancel the ads
86,0.138,3,ğŸ«¥,1,0.289,4.14,âœ…,0.404,6.88,âœ…,0.831,11.02,89.53,mobile_0affae67-191e-43fa-890d-778555ffbab0,"tap ""try it free"""
87,0.142,3,ğŸ«¥,1,0.289,4.11,âœ…,0.348,4.99,âœ…,0.778,9.10,89.66,mobile_0affae67-191e-43fa-890d-778555ffbab0,view library
88,0.128,4,ğŸ«¥,1,0.296,4.13,âŒ,0.331,4.40,âŒ,0.755,8.52,88.64,mobile_5fb77d07-dd26-4a0c-959b-7c74fd49d22f,cancel subscription
89,0.183,2,ğŸ«¥,1,0.282,4.12,âœ…,0.432,7.53,âœ…,0.896,11.65,88.76,mobile_8da8fbf4-c2b0-495f-88d3-9eb682c15ce7,shuffle the music list
90,0.181,2,ğŸ«¥,1,0.281,4.11,âŒ,0.435,7.53,âŒ,0.896,11.64,87.78,mobile_8da8fbf4-c2b0-495f-88d3-9eb682c15ce7,view more information
91,0.181,2,ğŸ«¥,1,0.279,4.12,âœ…,0.447,7.87,âœ…,0.906,11.99,87.91,mobile_8da8fbf4-c2b0-495f-88d3-9eb682c15ce7,back to previous page
92,0.182,2,ğŸ«¥,1,0.280,4.13,âœ…,0.428,7.56,âœ…,0.890,11.69,88.04,mobile_8da8fbf4-c2b0-495f-88d3-9eb682c15ce7,view more information about classical christmas
93,0.146,2,ğŸ«¥,2,0.270,3.98,âœ…,0.782,16.25,âŒ,1.198,20.23,87.10,mobile_207efb5f-dce5-4c70-8c06-b16f2267c09e,view bach station
94,0.143,2,ğŸ«¥,1,0.270,4.01,âœ…,0.475,8.59,âœ…,0.888,12.61,87.23,mobile_207efb5f-dce5-4c70-8c06-b16f2267c09e,"tap the button with ""listen now"""
95,0.134,4,ğŸ«¥,2,0.297,4.14,âœ…,0.522,9.63,âŒ,0.953,13.78,86.32,mobile_efa861a6-0810-4c8a-9bca-4f481641d03d,view ore details
96,0.134,4,ğŸ«¥,1,0.301,4.15,âŒ,0.306,3.55,âŒ,0.741,7.70,85.42,mobile_efa861a6-0810-4c8a-9bca-4f481641d03d,add or scan accessory
97,0.127,2,ğŸ«¥,1,0.285,4.13,âœ…,0.671,13.42,âœ…,1.083,17.55,85.57,mobile_7d7609e2-696b-449e-a230-792dce8dd134,open nlp folder
98,0.127,2,ğŸ«¥,1,0.282,4.13,âœ…,0.275,3.28,âœ…,0.684,7.40,85.71,mobile_7d7609e2-696b-449e-a230-792dce8dd134,back to browse page
99,0.127,2,ğŸ«¥,1,0.280,4.12,âœ…,0.666,13.43,âœ…,1.073,17.55,85.86,mobile_7d7609e2-696b-449e-a230-792dce8dd134,view shared
100,0.112,2,ğŸ«¥,1,0.270,3.99,âœ…,0.502,9.66,âœ…,0.885,13.65,86.00,mobile_c1f1188d-1bd3-4ce6-8e3f-96628d07b0b9,login with wechat
101,0.111,2,ğŸ«¥,1,0.269,3.98,âœ…,0.379,5.94,âœ…,0.759,9.92,86.14,mobile_c1f1188d-1bd3-4ce6-8e3f-96628d07b0b9,view settings
102,0.113,2,ğŸ«¥,1,0.268,3.99,âœ…,0.506,9.67,âœ…,0.887,13.65,86.27,mobile_c1f1188d-1bd3-4ce6-8e3f-96628d07b0b9,login with email
103,0.131,2,ğŸ«¥,1,0.268,4.00,âœ…,0.530,10.04,âœ…,0.928,14.04,86.41,mobile_fbadc3d2-cde6-43f5-a33c-a648a9299963,all clear the calculator
104,0.129,2,ğŸ«¥,1,0.268,4.02,âœ…,0.529,10.07,âœ…,0.926,14.08,86.54,mobile_fbadc3d2-cde6-43f5-a33c-a648a9299963,Tap the plus sign in the calculator
105,0.118,4,ğŸ«¥,1,0.299,4.16,âœ…,0.300,3.85,âœ…,0.717,8.01,86.67,mobile_3a1f306e-784a-411a-98cb-f11a2157a5c7,click the search bar
106,0.118,4,ğŸ«¥,1,0.296,4.16,âœ…,0.301,3.85,âœ…,0.715,8.01,86.79,mobile_3a1f306e-784a-411a-98cb-f11a2157a5c7,tap the scan icon
107,0.117,4,ğŸ«¥,1,0.309,4.16,âœ…,0.298,3.85,âœ…,0.724,8.01,86.92,mobile_3a1f306e-784a-411a-98cb-f11a2157a5c7,open pay/collect
108,0.118,4,ğŸ«¥,1,0.296,4.17,âœ…,0.322,4.44,âœ…,0.736,8.61,87.04,mobile_3a1f306e-784a-411a-98cb-f11a2157a5c7,view the air & rail
109,0.117,4,ğŸ«¥,1,0.300,4.15,âœ…,0.399,6.28,âœ…,0.815,10.43,87.16,mobile_3a1f306e-784a-411a-98cb-f11a2157a5c7,check messages
110,0.140,3,ğŸ«¥,1,0.288,4.15,âœ…,0.454,8.30,âœ…,0.883,12.46,87.27,mobile_d8a4069b-ec35-4a62-a3cd-5b5e7d95b50c,click try it now
111,0.139,3,ğŸ«¥,1,0.291,4.16,âœ…,0.479,8.31,âœ…,0.910,12.46,87.39,mobile_d8a4069b-ec35-4a62-a3cd-5b5e7d95b50c,search in this calendar
112,0.144,3,ğŸ«¥,1,0.294,4.16,âœ…,0.324,4.15,âœ…,0.762,8.30,87.50,mobile_d8a4069b-ec35-4a62-a3cd-5b5e7d95b50c,add a new one
113,0.143,3,ğŸ«¥,1,0.303,4.14,âœ…,0.323,4.13,âœ…,0.769,8.28,87.61,mobile_d8a4069b-ec35-4a62-a3cd-5b5e7d95b50c,view docs
114,0.114,5,ğŸ«¥,1,0.302,4.18,âœ…,0.303,3.56,âœ…,0.719,7.74,87.72,mobile_20aa1fbd-f09f-4923-9fb4-15998cda6fe3,save current settings
115,0.115,5,ğŸ«¥,1,0.316,4.17,âœ…,0.308,3.56,âœ…,0.738,7.73,87.83,mobile_20aa1fbd-f09f-4923-9fb4-15998cda6fe3,add title
116,0.125,5,ğŸ«¥,1,0.301,4.17,âœ…,0.277,3.00,âœ…,0.704,7.17,87.93,mobile_20aa1fbd-f09f-4923-9fb4-15998cda6fe3,add guests
117,0.126,5,ğŸ«¥,1,0.315,4.18,âœ…,0.302,3.57,âœ…,0.743,7.75,88.03,mobile_20aa1fbd-f09f-4923-9fb4-15998cda6fe3,set no repeats
118,0.115,5,ğŸ«¥,3,0.306,4.18,âœ…,0.486,8.35,âœ…,0.907,12.53,88.14,mobile_20aa1fbd-f09f-4923-9fb4-15998cda6fe3,add description
119,0.180,3,ğŸ«¥,1,0.293,4.16,âœ…,0.431,7.31,âœ…,0.904,11.46,88.24,mobile_a14fb632-fab9-4537-8c7b-8c650fd91bd7,favorite the music
120,0.252,3,ğŸ«¥,1,0.293,4.15,âœ…,0.431,7.30,âœ…,0.976,11.46,88.33,mobile_a14fb632-fab9-4537-8c7b-8c650fd91bd7,view comments
121,0.171,3,ğŸ«¥,1,0.292,4.16,âœ…,0.439,7.31,âœ…,0.902,11.47,88.43,mobile_a14fb632-fab9-4537-8c7b-8c650fd91bd7,play the music
122,0.136,3,ğŸ«¥,1,0.292,4.16,âœ…,0.433,7.32,âŒ,0.860,11.48,87.70,mobile_a14fb632-fab9-4537-8c7b-8c650fd91bd7,play next song
123,0.134,3,ğŸ«¥,1,0.297,4.16,âœ…,0.432,7.32,âœ…,0.863,11.48,87.80,mobile_a14fb632-fab9-4537-8c7b-8c650fd91bd7,play previous song
124,0.115,2,ğŸ«¥,1,0.291,4.15,âœ…,0.426,6.99,âœ…,0.831,11.14,87.90,mobile_9bd1779a-91ee-4a59-8904-3850434b1421,view more information
125,0.114,2,ğŸ«¥,1,0.290,4.15,âœ…,0.406,6.99,âœ…,0.811,11.14,88.00,mobile_9bd1779a-91ee-4a59-8904-3850434b1421,back to filters
126,0.124,2,ğŸ«¥,1,0.290,4.16,âœ…,0.409,7.00,âœ…,0.823,11.16,88.10,mobile_9bd1779a-91ee-4a59-8904-3850434b1421,write a new message
127,0.142,2,ğŸ«¥,1,0.292,4.16,âœ…,0.412,7.01,âœ…,0.846,11.17,88.19,mobile_9bd1779a-91ee-4a59-8904-3850434b1421,tap the search bar
128,0.115,2,ğŸ«¥,1,0.272,3.91,âœ…,0.623,12.33,âœ…,1.010,16.23,88.28,mobile_8d5dea76-69b8-4076-82ef-38b2fb8a1b30,set focus time to 60 mins
129,0.222,2,ğŸ«¥,1,0.268,3.88,âœ…,0.252,2.34,âœ…,0.742,6.22,88.37,mobile_8d5dea76-69b8-4076-82ef-38b2fb8a1b30,turn on focus mode
130,0.109,2,ğŸ«¥,1,0.268,3.88,âœ…,0.607,12.31,âœ…,0.983,16.19,88.46,mobile_8d5dea76-69b8-4076-82ef-38b2fb8a1b30,customize focus time
131,0.107,4,ğŸ«¥,1,0.271,4.06,âœ…,0.291,3.87,âœ…,0.669,7.92,88.55,mobile_b012267b-fcd6-4d0c-991a-f2a4afd0a2ff,check tuesday data details
132,0.107,4,ğŸ«¥,1,0.278,4.05,âœ…,0.272,3.08,âœ…,0.657,7.14,88.64,mobile_b012267b-fcd6-4d0c-991a-f2a4afd0a2ff,display data by week
133,0.106,4,ğŸ«¥,2,0.273,4.05,âœ…,0.416,7.62,âŒ,0.794,11.68,87.97,mobile_b012267b-fcd6-4d0c-991a-f2a4afd0a2ff,switch to focus mode
134,0.121,2,ğŸ«¥,1,0.268,4.03,âœ…,0.393,6.69,âœ…,0.782,10.72,88.06,mobile_faa33d8c-ff72-4c74-98df-cb46cc0516aa,open system apps settings
135,0.121,2,ğŸ«¥,1,0.268,4.03,âœ…,0.392,6.70,âœ…,0.781,10.73,88.15,mobile_faa33d8c-ff72-4c74-98df-cb46cc0516aa,manage home screen shortcuts
136,0.120,2,ğŸ«¥,1,0.268,4.03,âœ…,0.390,6.70,âœ…,0.778,10.73,88.24,mobile_faa33d8c-ff72-4c74-98df-cb46cc0516aa,back to previous page
137,0.108,4,ğŸ«¥,3,0.270,3.91,âœ…,0.584,12.04,âœ…,0.961,15.95,88.32,mobile_db3c83d0-b179-4661-88d4-baf938bcf477,turn off wlan
138,0.107,4,ğŸ«¥,1,0.269,3.91,âœ…,0.335,4.95,âœ…,0.711,8.86,88.41,mobile_db3c83d0-b179-4661-88d4-baf938bcf477,scan qr code
139,0.127,2,ğŸ«¥,1,0.268,3.90,âœ…,0.405,7.02,âœ…,0.799,10.92,88.49,mobile_06d5a5b9-8dda-439a-84a5-7af28ab2dab8,turn on earpiece mode
140,0.125,2,ğŸ«¥,1,0.269,3.91,âœ…,0.411,7.04,âœ…,0.805,10.95,88.57,mobile_06d5a5b9-8dda-439a-84a5-7af28ab2dab8,turn off mute ringer when recording
141,0.125,2,ğŸ«¥,1,0.269,3.89,âœ…,0.378,6.41,âŒ,0.771,10.30,87.94,mobile_06d5a5b9-8dda-439a-84a5-7af28ab2dab8,change recording format
142,0.104,2,ğŸ«¥,1,0.273,3.89,âœ…,0.490,9.26,âœ…,0.867,13.15,88.03,mobile_5c883ab7-6769-436e-a677-96b0f5a4c950,open a photo
143,0.110,2,ğŸ«¥,1,0.271,4.04,âœ…,0.329,4.69,âœ…,0.710,8.74,88.11,mobile_c346d616-ffcb-4638-a049-2fc45d665e91,add new event on calendar
144,0.109,2,ğŸ«¥,1,0.270,4.03,âœ…,0.341,4.67,âœ…,0.720,8.70,88.19,mobile_c346d616-ffcb-4638-a049-2fc45d665e91,open documents
145,0.110,2,ğŸ«¥,1,0.280,4.04,âœ…,0.484,9.29,âœ…,0.873,13.33,88.28,mobile_c346d616-ffcb-4638-a049-2fc45d665e91,switch to monday schedule
146,0.107,3,ğŸ«¥,1,0.281,3.89,âœ…,0.324,4.40,âœ…,0.713,8.29,88.36,mobile_d7f5d515-e2c4-453e-9b5b-d97e3ecd5307,search
147,0.108,3,ğŸ«¥,1,0.279,3.91,âœ…,0.357,5.54,âœ…,0.744,9.45,88.44,mobile_d7f5d515-e2c4-453e-9b5b-d97e3ecd5307,display external contacts
148,0.126,6,ğŸ«¥,1,0.286,3.81,âœ…,0.330,4.69,âœ…,0.742,8.49,88.51,mobile_550b9efc-c475-4188-82b6-47f7ca1a56f7,search recodings
149,0.125,6,ğŸ«¥,1,0.291,3.80,âœ…,0.330,4.68,âœ…,0.746,8.48,88.59,mobile_550b9efc-c475-4188-82b6-47f7ca1a56f7,open settings
150,0.126,6,ğŸ«¥,4,0.280,3.82,âœ…,0.435,7.09,âŒ,0.841,10.91,88.00,mobile_550b9efc-c475-4188-82b6-47f7ca1a56f7,start a new recording
151,0.112,2,ğŸ«¥,1,0.268,3.93,âœ…,0.376,6.47,âœ…,0.755,10.40,88.08,mobile_c28ad441-0524-4e7b-ab97-4005072b53a3,tap to receive file as a new phone
152,0.109,2,ğŸ«¥,1,0.268,3.92,âœ…,0.378,6.46,âœ…,0.755,10.38,88.16,mobile_c28ad441-0524-4e7b-ab97-4005072b53a3,send files as a old phone
153,0.112,2,ğŸ«¥,1,0.281,4.05,âœ…,0.285,3.35,âœ…,0.678,7.40,88.24,mobile_ef01fd08-a7fd-42a3-b1aa-fe22b3f79730,agree this privacy policy
154,0.111,2,ğŸ«¥,1,0.278,4.05,âœ…,0.288,3.35,âœ…,0.677,7.40,88.31,mobile_ef01fd08-a7fd-42a3-b1aa-fe22b3f79730,disagree the agreement
155,0.119,2,ğŸ«¥,1,0.283,4.05,âœ…,0.291,3.36,âœ…,0.693,7.41,88.39,mobile_ef01fd08-a7fd-42a3-b1aa-fe22b3f79730,display user agreement details
156,0.114,3,ğŸ«¥,1,0.274,3.91,âœ…,0.513,3.09,âœ…,0.901,7.00,88.46,mobile_aae20de3-7aab-4bcc-8d83-f187fe3a2e76,view help
157,0.115,3,ğŸ«¥,1,0.272,3.92,âœ…,0.456,8.03,âœ…,0.842,11.95,88.54,mobile_aae20de3-7aab-4bcc-8d83-f187fe3a2e76,open phone's screen
158,0.115,3,ğŸ«¥,1,0.272,3.92,âœ…,0.431,8.03,âœ…,0.818,11.94,88.61,mobile_aae20de3-7aab-4bcc-8d83-f187fe3a2e76,close current page
159,0.126,2,ğŸ«¥,1,0.271,4.05,âœ…,0.410,7.39,âœ…,0.807,11.44,88.68,mobile_7bbecc1d-4220-4287-8ec7-14f9eec203e2,sort by size
160,0.256,2,ğŸ«¥,1,0.273,4.06,âœ…,0.417,7.41,âœ…,0.946,11.47,88.75,mobile_7bbecc1d-4220-4287-8ec7-14f9eec203e2,sort by file's types
161,0.210,2,ğŸ«¥,1,0.273,3.92,âœ…,0.426,7.72,âŒ,0.909,11.64,88.20,mobile_dc3bbcd3-d7bb-4ce2-be50-eb6f564d2ddc,display recent opened files
162,0.166,2,ğŸ«¥,1,0.273,3.94,âœ…,0.376,6.20,âœ…,0.815,10.14,88.27,mobile_dc3bbcd3-d7bb-4ce2-be50-eb6f564d2ddc,"open the folder named ""dcim"""
163,0.128,2,ğŸ«¥,1,0.277,3.92,âœ…,0.425,7.73,âœ…,0.830,11.65,88.34,mobile_dc3bbcd3-d7bb-4ce2-be50-eb6f564d2ddc,search in this page
164,0.111,4,ğŸ«¥,1,0.282,3.94,âœ…,0.254,2.34,âœ…,0.646,6.28,88.41,mobile_74f38270-ccc5-423e-813e-b7f1ac6ff665,display all videos
165,0.110,4,ğŸ«¥,1,0.279,3.94,âœ…,0.300,3.62,âŒ,0.690,7.56,87.88,mobile_74f38270-ccc5-423e-813e-b7f1ac6ff665,show all documents
166,0.149,3,ğŸ«¥,1,0.286,3.93,âœ…,0.293,3.63,âœ…,0.728,7.56,87.95,mobile_275415f1-ade1-4210-9e92-8f998a671c96,show more file types
167,0.108,3,ğŸ«¥,1,0.284,3.93,âœ…,0.467,8.40,âœ…,0.860,12.33,88.02,mobile_275415f1-ade1-4210-9e92-8f998a671c96,create a new folder
168,0.108,3,ğŸ«¥,1,0.280,3.93,âŒ,0.449,8.40,âŒ,0.837,12.34,87.50,mobile_275415f1-ade1-4210-9e92-8f998a671c96,display recent opened files
169,0.106,4,ğŸ«¥,1,0.276,4.09,âœ…,0.328,4.72,âœ…,0.710,8.80,87.57,mobile_1c87bbf1-afc8-4fe3-aaf0-d3bacc52a2bf,Stop the countdown
170,0.105,4,ğŸ«¥,1,0.278,4.09,âœ…,0.329,4.72,âœ…,0.712,8.81,87.65,mobile_1c87bbf1-afc8-4fe3-aaf0-d3bacc52a2bf,start the stopwatch
171,0.107,6,ğŸ«¥,4,0.286,4.16,âœ…,0.491,8.50,âŒ,0.884,12.65,87.13,mobile_4fafbd92-0af2-4b02-9cf8-952227fd9993,Turn on the alarm for 3:15
172,0.107,6,ğŸ«¥,4,0.288,4.15,âœ…,0.463,8.49,âŒ,0.859,12.63,86.63,mobile_4fafbd92-0af2-4b02-9cf8-952227fd9993,turn off the opened clock at 6
173,0.106,6,ğŸ«¥,1,0.285,4.16,âœ…,0.264,2.89,âœ…,0.654,7.05,86.71,mobile_4fafbd92-0af2-4b02-9cf8-952227fd9993,show details of 7:30 clock alarm
174,0.115,2,ğŸ«¥,1,0.269,3.93,âœ…,0.456,8.77,âœ…,0.840,12.71,86.78,mobile_2b80c9bf-0040-492e-8dca-d81cc9042b5a,set reminder for created task
175,0.107,2,ğŸ«¥,1,0.269,3.95,âœ…,0.450,8.79,âœ…,0.826,12.74,86.86,mobile_2b80c9bf-0040-492e-8dca-d81cc9042b5a,tap done to set this subtask
176,0.107,2,ğŸ«¥,1,0.266,3.92,âœ…,0.451,8.77,âœ…,0.824,12.69,86.93,mobile_2b80c9bf-0040-492e-8dca-d81cc9042b5a,fold input method
177,0.104,2,ğŸ«¥,1,0.268,4.07,âœ…,0.323,4.73,âœ…,0.696,8.80,87.01,mobile_caaf7ec0-c1ee-4edc-8b42-37bfa11c4dd3,create new task
178,0.105,2,ğŸ«¥,1,0.268,4.06,âœ…,0.481,9.46,âœ…,0.854,13.52,87.08,mobile_caaf7ec0-c1ee-4edc-8b42-37bfa11c4dd3,open settings
179,0.105,2,ğŸ«¥,1,0.267,4.06,âœ…,0.479,9.47,âŒ,0.851,13.53,86.59,mobile_caaf7ec0-c1ee-4edc-8b42-37bfa11c4dd3,open notes
180,0.104,3,ğŸ«¥,1,0.275,3.95,âœ…,0.359,5.92,âœ…,0.739,9.87,86.67,mobile_2a2da2de-b63c-46e0-88cf-f88ef8aec6e0,set font size to small
181,0.104,3,ğŸ«¥,1,0.278,3.95,âœ…,0.371,5.92,âœ…,0.754,9.86,86.74,mobile_2a2da2de-b63c-46e0-88cf-f88ef8aec6e0,use huge font size
182,0.106,2,ğŸ«¥,1,0.269,4.09,âœ…,0.478,9.50,âœ…,0.853,13.59,86.81,mobile_165687dd-c6c2-4f44-a84d-3e9a2af95ffe,display calendar in week view
183,0.105,2,ğŸ«¥,1,0.266,4.08,âœ…,0.478,9.50,âœ…,0.849,13.58,86.89,mobile_165687dd-c6c2-4f44-a84d-3e9a2af95ffe,display calendar by days
184,0.111,2,ğŸ«¥,1,0.268,3.96,âœ…,0.305,4.21,âœ…,0.684,8.16,86.96,mobile_414acb14-025e-462a-9d1c-6410df04db7f,display 15-day weather forecast
185,0.111,2,ğŸ«¥,1,0.266,3.93,âœ…,0.493,9.85,âœ…,0.870,13.78,87.03,mobile_414acb14-025e-462a-9d1c-6410df04db7f,open options
186,0.111,2,ğŸ«¥,1,0.266,3.93,âœ…,0.490,9.86,âœ…,0.867,13.80,87.10,mobile_414acb14-025e-462a-9d1c-6410df04db7f,add new city
187,0.107,4,ğŸ«¥,1,0.278,4.11,âœ…,0.290,3.91,âœ…,0.675,8.03,87.17,mobile_d17dfa46-fc13-4f38-9261-3f9f7171067b,turn on airplane mode
188,0.107,4,ğŸ«¥,2,0.280,4.11,âœ…,0.520,10.61,âŒ,0.908,14.73,86.70,mobile_d17dfa46-fc13-4f38-9261-3f9f7171067b,turn off nfc
189,0.107,4,ğŸ«¥,1,0.280,4.11,âœ…,0.388,6.86,âœ…,0.775,10.98,86.77,mobile_d17dfa46-fc13-4f38-9261-3f9f7171067b,set default wallent
190,0.122,3,ğŸ«¥,1,0.277,3.95,âœ…,0.289,3.91,âœ…,0.688,7.86,86.84,mobile_0dcb6532-d25e-4bb0-8746-ccdbec623bce,scan qr code
191,0.123,3,ğŸ«¥,1,0.284,3.94,âœ…,0.421,7.50,âœ…,0.828,11.44,86.91,mobile_0dcb6532-d25e-4bb0-8746-ccdbec623bce,sign out
192,0.107,4,ğŸ«¥,1,0.279,4.13,âœ…,0.286,3.66,âœ…,0.672,7.79,86.98,mobile_6e08b93a-9271-40ac-9dd0-f1f95f8d8675,switch on auto-rotate screen
193,0.106,4,ğŸ«¥,2,0.281,4.13,âœ…,0.419,6.90,âœ…,0.806,11.03,87.05,mobile_6e08b93a-9271-40ac-9dd0-f1f95f8d8675,view control center and status bar
194,0.115,4,ğŸ«¥,4,0.286,4.11,âœ…,0.698,14.97,âŒ,1.099,19.08,86.60,mobile_6e08b93a-9271-40ac-9dd0-f1f95f8d8675,check fonts settings
195,0.111,2,ğŸ«¥,1,0.276,4.09,âœ…,0.530,10.65,âœ…,0.917,14.74,86.67,mobile_d52263df-908a-4f53-93de-b51d691ad995,use dark mode display
196,0.111,2,ğŸ«¥,2,0.277,4.09,âœ…,0.684,14.98,âŒ,1.072,19.07,86.22,mobile_d52263df-908a-4f53-93de-b51d691ad995,change dark mode options
197,0.113,2,ğŸ«¥,1,0.275,4.09,âœ…,0.523,10.66,âœ…,0.911,14.75,86.29,mobile_d52263df-908a-4f53-93de-b51d691ad995,return upper page
198,0.109,3,ğŸ«¥,1,0.274,3.96,âœ…,0.434,8.20,âœ…,0.818,12.15,86.36,mobile_3607031a-15bb-48cd-a2e6-84a7ce433173,view display options
199,0.111,3,ğŸ«¥,2,0.275,3.96,âœ…,0.589,12.19,âœ…,0.975,16.15,86.43,mobile_3607031a-15bb-48cd-a2e6-84a7ce433173,open vpn options
200,0.107,3,ğŸ«¥,2,0.275,3.97,âœ…,0.584,12.21,âœ…,0.967,16.17,86.50,mobile_f61ea850-a79c-41b8-891f-8c55326e1530,set date and time
201,0.108,3,ğŸ«¥,1,0.276,3.97,âŒ,0.362,5.66,âŒ,0.746,9.63,86.07,mobile_f61ea850-a79c-41b8-891f-8c55326e1530,view quick control ball
202,0.109,5,ğŸ«¥,1,0.281,3.99,âœ…,0.269,3.12,âŒ,0.660,7.11,85.64,mobile_04545977-3f36-4a33-a787-72ec8a9dd4f2,check battery options
203,0.109,5,ğŸ«¥,1,0.286,4.01,âœ…,0.328,4.50,âœ…,0.723,8.51,85.71,mobile_04545977-3f36-4a33-a787-72ec8a9dd4f2,change battery setting for better performance
204,0.109,5,ğŸ«¥,1,0.288,4.00,âœ…,0.328,4.49,âœ…,0.725,8.49,85.78,mobile_04545977-3f36-4a33-a787-72ec8a9dd4f2,open ultra battery saver
205,0.106,2,ğŸ«¥,1,0.271,3.95,âœ…,0.428,7.89,âŒ,0.805,11.84,85.37,mobile_3b5ab7d3-8e84-4be1-83ba-801882db294b,clear the result
206,0.106,2,ğŸ«¥,1,0.271,3.95,âœ…,0.378,6.28,âœ…,0.756,10.23,85.44,mobile_3b5ab7d3-8e84-4be1-83ba-801882db294b,enter 5
207,0.106,2,ğŸ«¥,2,0.278,3.98,âœ…,0.707,15.13,âœ…,1.092,19.11,85.51,mobile_3b5ab7d3-8e84-4be1-83ba-801882db294b,Tap the division sign in the calculator
208,0.105,2,ğŸ«¥,1,0.274,4.11,âœ…,0.333,4.78,âœ…,0.711,8.89,85.58,mobile_4c2df330-55c0-4272-80c0-6e2cf8f96903,"click ""done"""
209,0.137,2,ğŸ«¥,1,0.269,3.95,âœ…,0.391,6.91,âœ…,0.797,10.86,85.65,mobile_cebc7e07-8ab3-4232-acdd-aa2884af2e66,open gmail
210,0.136,2,ğŸ«¥,1,0.270,3.96,âœ…,0.390,6.93,âœ…,0.795,10.89,85.71,mobile_cebc7e07-8ab3-4232-acdd-aa2884af2e66,add new email account
211,0.125,4,ğŸ«¥,1,0.271,3.98,âœ…,0.413,7.91,âœ…,0.809,11.90,85.78,mobile_569a4f5a-01f0-4386-89ba-768e1f88d38e,check week summary
212,0.126,4,ğŸ«¥,1,0.271,3.98,âœ…,0.413,7.92,âœ…,0.810,11.90,85.85,mobile_569a4f5a-01f0-4386-89ba-768e1f88d38e,display wearing device
213,0.119,2,ğŸ«¥,1,0.270,4.10,âœ…,0.396,6.93,âœ…,0.785,11.03,85.92,mobile_9aa2c4bf-aa52-43ed-ac30-f22798c14668,open instagram
214,0.120,2,ğŸ«¥,1,0.269,4.11,âœ…,0.392,6.93,âœ…,0.781,11.04,85.98,mobile_9aa2c4bf-aa52-43ed-ac30-f22798c14668,open github app
215,0.120,2,ğŸ«¥,1,0.269,4.11,âœ…,0.390,6.94,âœ…,0.779,11.05,86.05,mobile_9aa2c4bf-aa52-43ed-ac30-f22798c14668,open message app
216,0.111,6,ğŸ«¥,2,0.277,4.01,âœ…,0.345,5.10,âœ…,0.733,9.11,86.11,mobile_88c8a639-8051-4241-943c-41104b363caa,start outdoor running
217,0.111,6,ğŸ«¥,1,0.275,4.02,âœ…,0.281,3.39,âœ…,0.667,7.41,86.18,mobile_88c8a639-8051-4241-943c-41104b363caa,record outdoor cycle
218,0.110,6,ğŸ«¥,4,0.287,4.03,âœ…,0.513,10.48,âŒ,0.910,14.51,85.78,mobile_88c8a639-8051-4241-943c-41104b363caa,start threadmill recordding
219,0.104,4,ğŸ«¥,1,0.281,4.15,âœ…,0.306,4.23,âœ…,0.691,8.37,85.84,mobile_df5320bc-03e4-4e4e-bcc2-67cfd9b344ec,show week steps recordings
220,0.105,4,ğŸ«¥,1,0.281,4.15,âœ…,0.306,4.23,âŒ,0.692,8.39,85.45,mobile_df5320bc-03e4-4e4e-bcc2-67cfd9b344ec,show steps recording by month
221,0.104,4,ğŸ«¥,1,0.292,4.15,âœ…,0.315,4.23,âœ…,0.711,8.38,85.52,mobile_df5320bc-03e4-4e4e-bcc2-67cfd9b344ec,return to upper page
222,0.107,5,ğŸ«¥,2,0.296,4.01,âœ…,0.402,6.65,âœ…,0.805,10.66,85.59,mobile_e277f0fc-fe73-4304-9d8e-2bc4613e1986,check sleeping time
223,0.106,5,ğŸ«¥,1,0.286,4.01,âœ…,0.287,3.67,âœ…,0.679,7.68,85.65,mobile_e277f0fc-fe73-4304-9d8e-2bc4613e1986,Monitor calorie expenditure
224,0.106,5,ğŸ«¥,1,0.285,4.02,âœ…,0.273,3.14,âœ…,0.664,7.15,85.71,mobile_e277f0fc-fe73-4304-9d8e-2bc4613e1986,switch to workout page
225,0.105,4,ğŸ«¥,1,0.277,4.00,âœ…,0.339,5.40,âœ…,0.721,9.40,85.78,mobile_f515dd3d-41eb-4fe9-b74a-ac66e60a8b75,tap continue button
226,0.105,4,ğŸ«¥,1,0.277,3.99,âœ…,0.340,5.39,âœ…,0.722,9.37,85.84,mobile_f515dd3d-41eb-4fe9-b74a-ac66e60a8b75,cancel
227,0.103,5,ğŸ«¥,1,0.280,4.01,âœ…,0.257,2.61,âœ…,0.641,6.63,85.90,mobile_63949247-1001-4d4e-9f49-81c85f7308e8,click power on
228,0.103,5,ğŸ«¥,3,0.280,4.01,âœ…,0.522,10.51,âŒ,0.905,14.52,85.53,mobile_63949247-1001-4d4e-9f49-81c85f7308e8,change mode
229,0.103,5,ğŸ«¥,1,0.279,4.02,âœ…,0.257,2.62,âœ…,0.639,6.64,85.59,mobile_63949247-1001-4d4e-9f49-81c85f7308e8,raise air conditioner temperature
230,0.105,4,ğŸ«¥,3,0.281,4.15,âœ…,0.623,13.69,âŒ,1.009,17.84,85.22,mobile_6bbaccfd-a0c4-49d3-a68d-050210ff5a6e,check battery usage
231,0.105,4,ğŸ«¥,1,0.281,4.19,âœ…,0.400,7.36,âœ…,0.786,11.55,85.28,mobile_6bbaccfd-a0c4-49d3-a68d-050210ff5a6e,"set fingerprints, face data and screen lock option..."
232,0.105,4,ğŸ«¥,2,0.283,4.17,âœ…,0.341,5.44,âœ…,0.729,9.60,85.34,mobile_6bbaccfd-a0c4-49d3-a68d-050210ff5a6e,set mi ai voice assistant
233,0.105,3,ğŸ«¥,1,0.275,3.99,âœ…,0.286,3.68,âœ…,0.666,7.67,85.41,mobile_182c66dd-3836-4bce-909f-166abd570fde,open user profile
234,0.105,3,ğŸ«¥,1,0.278,3.99,âœ…,0.287,3.68,âœ…,0.671,7.67,85.47,mobile_182c66dd-3836-4bce-909f-166abd570fde,search setttings
235,0.105,3,ğŸ«¥,1,0.289,4.00,âœ…,0.423,7.67,âœ…,0.818,11.66,85.53,mobile_182c66dd-3836-4bce-909f-166abd570fde,turn off bluetooth
236,0.143,2,ğŸ«¥,1,0.277,3.98,âœ…,0.394,6.68,âœ…,0.815,10.66,85.59,mobile_6a0ba48e-0ed8-44ba-a40b-adbbdba2dee4,display unread massages
237,0.144,2,ğŸ«¥,1,0.273,3.98,âœ…,0.381,6.68,âœ…,0.798,10.66,85.65,mobile_6a0ba48e-0ed8-44ba-a40b-adbbdba2dee4,display flagged massages
238,0.143,2,ğŸ«¥,1,0.273,3.99,âœ…,0.382,6.69,âœ…,0.798,10.68,85.71,mobile_6a0ba48e-0ed8-44ba-a40b-adbbdba2dee4,tap to search messages
239,0.115,3,ğŸ«¥,1,0.283,4.00,âœ…,0.459,9.08,âŒ,0.857,13.08,85.36,mobile_ee2362d3-17a7-479e-9f99-fd8378aae866,turn off wifi
240,0.115,3,ğŸ«¥,1,0.284,4.01,âœ…,0.464,9.09,âœ…,0.863,13.10,85.42,mobile_ee2362d3-17a7-479e-9f99-fd8378aae866,change phone settings 
241,0.121,2,ğŸ«¥,1,0.530,3.98,âœ…,0.449,8.73,âœ…,1.100,12.71,85.48,mobile_f53240ec-a09f-4857-9ca1-db5fb79455c3,open calculator
242,0.115,2,ğŸ«¥,1,0.271,3.98,âœ…,0.444,8.73,âœ…,0.829,12.71,85.54,mobile_f53240ec-a09f-4857-9ca1-db5fb79455c3,open settings
243,0.113,2,ğŸ«¥,1,0.269,3.98,âœ…,0.458,8.74,âœ…,0.840,12.72,85.60,mobile_f53240ec-a09f-4857-9ca1-db5fb79455c3,open notes
244,0.252,2,ğŸ«¥,1,0.325,5.81,âœ…,0.516,9.97,âœ…,1.094,15.78,85.66,mobile_b9537ded-e771-43c7-bab4-1db747625d87,open automation
245,0.234,2,ğŸ«¥,1,0.328,5.82,âœ…,0.760,9.98,âœ…,1.321,15.80,85.71,mobile_49f35b0d-59ea-46f9-b215-0e0e70d06a9a,add a room
246,0.146,3,ğŸ«¥,1,0.336,5.86,âœ…,0.282,2.97,âœ…,0.764,8.84,85.77,mobile_4e17db8b-85df-4278-ba0a-9f03e5ca85da,turn on the dark appearance dims wallpaper
247,0.296,4,ğŸ«¥,1,0.380,5.54,âœ…,0.521,10.02,âœ…,1.196,15.55,85.83,mobile_6ded1777-d4c3-485f-b28a-7754e0e9c024,open only draw with apple pencil mode
248,0.148,4,ğŸ«¥,1,0.338,5.52,âœ…,0.530,10.01,âœ…,1.016,15.54,85.89,mobile_6ded1777-d4c3-485f-b28a-7754e0e9c024,switch to show link attributes
249,0.269,2,ğŸ«¥,2,0.321,5.49,âœ…,1.055,26.45,âŒ,1.645,31.93,85.54,mobile_124e877d-d29c-45e4-bdc2-cbc729c702c9,open memo app
250,0.157,2,ğŸ«¥,1,0.322,5.84,âœ…,0.794,11.73,âœ…,1.272,17.57,85.60,mobile_f859f69e-20c1-4630-9435-e959c43590d5,add a new tab
251,0.150,2,ğŸ«¥,1,0.322,5.84,âœ…,0.557,11.73,âœ…,1.030,17.56,85.66,mobile_f859f69e-20c1-4630-9435-e959c43590d5,refresh the page
252,0.156,2,ğŸ«¥,1,0.336,5.85,âœ…,0.565,11.75,âœ…,1.058,17.60,85.71,mobile_f859f69e-20c1-4630-9435-e959c43590d5,go to user account page
253,0.162,2,ğŸ«¥,1,0.373,5.84,âœ…,0.541,10.87,âœ…,1.075,16.71,85.77,mobile_41aa1b5c-01f3-455d-807e-9c90c705dd1f,clear browsing data
254,0.156,2,ğŸ«¥,1,0.330,5.84,âœ…,0.567,11.75,âœ…,1.054,17.59,85.83,mobile_41aa1b5c-01f3-455d-807e-9c90c705dd1f,open downloads page
255,0.176,2,ğŸ«¥,1,0.328,5.51,âœ…,0.566,11.77,âœ…,1.069,17.28,85.88,mobile_95b2eec8-7804-474f-bf47-7c13a7a02595,open a new private window
256,0.165,2,ğŸ«¥,1,0.325,5.51,âœ…,0.542,10.91,âœ…,1.031,16.42,85.94,mobile_663faca5-79a3-48f6-b64c-9f7989292d17,explore the new menu
257,0.198,2,ğŸ«¥,1,0.329,5.85,âœ…,0.369,5.49,âœ…,0.896,11.34,85.99,mobile_9d30c621-fe06-4f6a-86e7-6664cc3bb566,check device location
258,0.201,2,ğŸ«¥,1,0.337,5.86,âœ…,0.794,18.61,âœ…,1.332,24.47,86.05,mobile_d3771dd7-e526-4b87-8971-247ca5582e85,stop sharing my location
259,0.163,2,ğŸ«¥,2,0.343,5.54,âœ…,1.066,26.75,âŒ,1.572,32.28,85.71,mobile_f5b4ae93-55f8-4f0c-9c9e-dda8685c37b5,create a new workbook for total a list
260,0.146,2,ğŸ«¥,1,0.329,5.85,âœ…,0.582,12.70,âœ…,1.057,18.55,85.77,mobile_63cdee53-9026-46c9-9b69-639452091dcc,add storage account
261,0.136,2,ğŸ«¥,1,0.330,5.87,âœ…,0.586,12.72,âœ…,1.053,18.59,85.82,mobile_63cdee53-9026-46c9-9b69-639452091dcc,go to user account page
262,0.272,2,ğŸ«¥,1,0.341,5.87,âœ…,0.703,16.59,âœ…,1.315,22.45,85.88,mobile_043c3a5e-c12c-4991-bb7f-676c617b2f9b,open the entertainment menu
263,0.282,2,ğŸ«¥,1,0.329,5.87,âœ…,0.586,12.74,âŒ,1.197,18.61,85.55,mobile_3d3cacff-2019-4577-9395-21b45a0c548b,remove maps from the desktop
264,0.284,2,ğŸ«¥,2,0.328,5.54,âœ…,1.074,26.87,âœ…,1.686,32.41,85.61,mobile_6778b255-174f-401e-ab98-b5bbe554a141,add a new app to the desktop
265,0.288,2,ğŸ«¥,1,0.329,5.53,âœ…,0.543,10.97,âŒ,1.160,16.50,85.28,mobile_6778b255-174f-401e-ab98-b5bbe554a141,remove chrome from the desktop
266,0.153,5,ğŸ«¥,1,0.363,5.91,âŒ,0.297,3.56,âŒ,0.813,9.48,84.96,mobile_e3f2b3d7-4c56-44ba-af3f-ae885a3e0dbb,disable icloud photos
267,0.137,3,ğŸ«¥,1,0.344,5.91,âœ…,0.630,13.72,âœ…,1.112,19.63,85.02,mobile_08782c89-65da-43ca-8eb6-8ca71e9f8ea7,remove the camera from the included controls
268,0.137,3,ğŸ«¥,1,0.343,5.90,âœ…,0.627,13.72,âŒ,1.107,19.62,84.70,mobile_08782c89-65da-43ca-8eb6-8ca71e9f8ea7,add alarm to the included controls
269,0.141,2,ğŸ«¥,1,0.291,4.33,âœ…,0.438,7.88,âœ…,0.870,12.21,84.76,mobile_c784c6c1-0203-4193-8131-f34cef16d400,adjust display & brightness setting
270,0.121,2,ğŸ«¥,1,0.288,4.33,âœ…,0.683,15.40,âœ…,1.092,19.73,84.81,mobile_1152be83-7090-45b9-9465-e5acc02d867d,switch to dark appearance theme
271,0.116,2,ğŸ«¥,1,0.290,4.34,âœ…,0.668,15.42,âœ…,1.074,19.76,84.87,mobile_1152be83-7090-45b9-9465-e5acc02d867d,adjust the brightness in the bar
272,0.140,3,ğŸ«¥,1,0.286,4.23,âœ…,0.276,2.84,âœ…,0.702,7.07,84.93,mobile_d8a299f2-f432-4bef-abc4-5a005cf4c40f,manage the password for aliyunidaas.com
273,0.134,2,ğŸ«¥,2,0.279,4.20,âœ…,0.814,19.66,âŒ,1.227,23.86,84.62,mobile_45d2f820-fe5f-4e31-9554-34156e66179c,modify the notification permission for google maps
274,0.149,3,ğŸ«¥,1,0.299,4.36,âœ…,0.436,7.90,âœ…,0.884,12.26,84.67,mobile_f45826c5-d796-46cf-b0c3-c4095206735c,allow google maps to send notifications
275,0.116,2,ğŸ«¥,1,0.290,4.33,âœ…,0.570,12.11,âœ…,0.976,16.44,84.73,mobile_a2719c16-da39-48ea-8c1c-1239414f0778,disable automatic app updates
276,0.114,2,ğŸ«¥,1,0.278,4.17,âœ…,0.597,13.03,âœ…,0.988,17.21,84.78,mobile_63adf499-326a-44b4-8b3f-0ecd1935745e,check health details
277,0.139,2,ğŸ«¥,1,0.277,4.20,âœ…,0.332,4.68,âœ…,0.748,8.89,84.84,mobile_18b2ff57-9a0c-48e6-a754-de728b5a0479,add a new place to favourities
278,0.140,2,ğŸ«¥,1,0.289,4.20,âœ…,0.612,13.07,âœ…,1.040,17.27,84.89,mobile_18b2ff57-9a0c-48e6-a754-de728b5a0479,search for a place or address
279,0.151,3,ğŸ«¥,2,0.301,4.36,âœ…,0.450,8.33,âŒ,0.902,12.69,84.59,mobile_acb1d28f-ddf9-4098-b749-51bf6600705b,switch the map style to satellite
280,0.129,2,ğŸ«¥,1,0.280,4.18,âœ…,0.454,8.70,âœ…,0.863,12.88,84.64,mobile_105a4c27-8695-4555-9121-0dd7cacb5ec2,tap to continue
281,0.115,2,ğŸ«¥,1,0.280,4.19,âœ…,0.540,11.25,âœ…,0.934,15.44,84.70,mobile_2e804aba-afb6-48a0-ad55-2f242652eb33,close the notification box
282,0.121,3,ğŸ«¥,1,0.284,4.21,âœ…,0.693,5.35,âŒ,1.097,9.56,84.40,mobile_d97a442a-6912-4a26-9387-fe5dee9b3d0a,choose watercolor brush style
283,0.120,3,ğŸ«¥,2,0.282,4.19,âœ…,0.600,12.18,âœ…,1.002,16.37,84.45,mobile_d97a442a-6912-4a26-9387-fe5dee9b3d0a,adjust the color
284,0.124,2,ğŸ«¥,1,0.279,4.18,âœ…,0.686,16.05,âœ…,1.088,20.24,84.51,mobile_7e2e6586-4c35-414e-8608-863b7ceba272,insert from link
285,0.144,2,ğŸ«¥,2,0.300,4.18,âœ…,0.817,19.83,âœ…,1.261,24.01,84.56,mobile_d3865883-8214-4bff-9834-13987580abe8,add a circle
286,0.116,2,ğŸ«¥,1,0.284,4.19,âœ…,0.511,10.41,âœ…,0.911,14.60,84.62,mobile_8c25fc62-ca0e-4280-ae68-9146b66089b2,learn more about privacy
287,0.146,2,ğŸ«¥,1,0.297,4.35,âœ…,0.362,5.36,âŒ,0.805,9.70,84.32,mobile_6cc4e2c1-b5bd-4347-bee4-63a1217d052c,input through voice recognition
288,0.143,2,ğŸ«¥,1,0.291,4.33,âœ…,0.588,12.20,âœ…,1.023,16.53,84.38,mobile_6cc4e2c1-b5bd-4347-bee4-63a1217d052c,check coverage
289,0.131,2,ğŸ«¥,1,0.291,4.35,âœ…,0.715,16.12,âœ…,1.137,20.47,84.43,mobile_4e55ce53-bc82-44c3-a81a-8282f55ec4c9,close the recommended box
290,0.125,2,ğŸ«¥,1,0.290,4.37,âœ…,0.667,16.15,âœ…,1.082,20.52,84.48,mobile_4e55ce53-bc82-44c3-a81a-8282f55ec4c9,check the information about airtag
291,0.134,2,ğŸ«¥,1,0.285,4.35,âœ…,0.275,3.41,âœ…,0.693,7.76,84.54,mobile_f6f4bdd0-01eb-41a4-b696-42fcc45097b6,show the location list
292,0.135,2,ğŸ«¥,1,0.286,4.38,âœ…,0.653,15.67,âœ…,1.074,20.05,84.59,mobile_f6f4bdd0-01eb-41a4-b696-42fcc45097b6,"choose the place called ""é¦™æ¸¯å¹¿åœº"""
293,0.119,4,ğŸ«¥,1,0.292,4.21,âœ…,0.440,7.95,âœ…,0.852,12.16,84.64,mobile_73a629d6-0fe4-4663-a727-d3b78ec52175,search destinations
294,0.113,3,ğŸ«¥,1,0.302,4.37,âœ…,0.344,4.69,âœ…,0.759,9.06,84.69,mobile_c81bb812-68b7-4557-95bb-1260f3b787f1,add a new waypoint
295,0.112,3,ğŸ«¥,1,0.298,4.36,âœ…,0.339,4.68,âœ…,0.749,9.05,84.75,mobile_c81bb812-68b7-4557-95bb-1260f3b787f1,input the destination
296,0.141,3,ğŸ«¥,1,0.283,4.21,âœ…,0.416,7.57,âœ…,0.840,11.78,84.80,mobile_c9c47c96-1b18-45dd-8e88-f0b48c54617d,check the wallet
297,0.128,2,ğŸ«¥,1,0.276,4.20,âœ…,0.455,8.78,âœ…,0.859,12.97,84.85,mobile_12280689-e3e1-4a36-ba3c-709acb969b32,continue with apple
298,0.154,2,ğŸ«¥,1,0.282,4.20,âœ…,0.308,4.04,âœ…,0.745,8.24,84.90,mobile_a2cdff8e-fd92-46fb-8d83-228f2116c087,apply the smooth filter
299,0.153,2,ğŸ«¥,1,0.285,4.20,âœ…,0.623,14.21,âœ…,1.061,18.40,84.95,mobile_a2cdff8e-fd92-46fb-8d83-228f2116c087,open additional options
300,0.121,3,ğŸ«¥,1,0.290,4.37,âœ…,0.561,11.83,âœ…,0.971,16.20,85.00,mobile_641346f3-50a8-4235-8a74-e0c9ee49136f,crop the photo
301,0.125,3,ğŸ«¥,1,0.297,4.37,âœ…,0.538,11.84,âœ…,0.961,16.21,85.05,mobile_641346f3-50a8-4235-8a74-e0c9ee49136f,open a brush
302,0.119,2,ğŸ«¥,1,0.283,4.20,âœ…,0.316,4.36,âœ…,0.717,8.56,85.10,mobile_6126718c-82ef-4406-8d00-3d4bf7a414c4,view personal information
303,0.117,2,ğŸ«¥,1,0.280,4.21,âœ…,0.615,14.25,âœ…,1.012,18.46,85.15,mobile_6126718c-82ef-4406-8d00-3d4bf7a414c4,show more about workouts
304,0.119,4,ğŸ«¥,1,0.285,4.24,âœ…,0.326,4.71,âœ…,0.730,8.95,85.20,mobile_b4a1ee35-b1b3-4ea6-bd37-22e326ea8620,view exercise log on map
305,0.111,2,ğŸ«¥,1,0.272,4.21,âœ…,0.622,14.76,âœ…,1.006,18.97,85.25,mobile_8632848c-d399-4879-bb2e-c06478785a16,close the splits
306,0.113,2,ğŸ«¥,1,0.272,4.21,âœ…,0.553,12.35,âœ…,0.939,16.56,85.29,mobile_3475adcf-26f0-43b9-8758-cae8601d33d1,open exercise log calendar
307,0.109,2,ğŸ«¥,1,0.287,4.38,âœ…,0.565,12.84,âœ…,0.961,17.21,85.34,mobile_35047157-7939-4491-ab8d-4d1da41acc74,set to repeat every monday
308,0.118,7,ğŸ«¥,1,0.309,4.47,âŒ,0.278,3.46,âŒ,0.704,7.93,85.06,mobile_39d89f43-f1df-40b7-a0db-eef4bc2521d0,turn on an alarm for 7:40
309,0.109,2,ğŸ«¥,1,0.280,4.22,âœ…,0.388,6.86,âœ…,0.777,11.08,85.11,mobile_268e1246-9870-47c7-a702-cadd117e11d4,sign up to zoom 
310,0.110,4,ğŸ«¥,1,0.298,4.42,âœ…,0.395,7.27,âœ…,0.804,11.69,85.16,mobile_085c4ffc-e423-4798-a09f-702ded3d1987,switch on hide sensitive information when switchin...
311,0.110,2,ğŸ«¥,1,0.274,4.21,âœ…,0.551,12.38,âœ…,0.935,16.59,85.21,mobile_0b63fa69-df33-442d-b7ea-9393432f71ea,adjust accessibility settings
312,0.126,4,ğŸ«¥,3,0.299,4.43,âœ…,0.690,16.45,âŒ,1.115,20.88,84.94,mobile_9f4d72cc-149d-4613-b19a-759ee34d8a47,close the tab with the apple official website
313,0.123,4,ğŸ«¥,1,0.294,4.40,âœ…,0.269,2.81,âœ…,0.685,7.21,84.98,mobile_9f4d72cc-149d-4613-b19a-759ee34d8a47,serch tab
314,0.116,3,ğŸ«¥,1,0.299,4.40,âœ…,0.535,11.95,âœ…,0.950,16.36,85.03,mobile_76682c29-846c-4673-be8b-ebfbe0e5c9a9,add a new empty tab group
315,0.114,3,ğŸ«¥,1,0.294,4.42,âœ…,0.357,5.43,âœ…,0.764,9.85,85.08,mobile_79ef2997-19a2-4520-8647-b1ad1fc00ce8,search for the privacy report of a website
316,0.118,2,ğŸ«¥,1,0.271,4.21,âœ…,0.653,15.90,âœ…,1.042,20.11,85.13,mobile_e8581791-9dca-4a18-a9c3-0ddd782aaf96,open documents
317,0.117,2,ğŸ«¥,1,0.273,4.22,âœ…,0.269,3.12,âœ…,0.659,7.34,85.17,mobile_bdefb309-2aeb-4b5f-920b-1e9952f1ddfe,back to previous page
318,0.107,4,ğŸ«¥,1,0.273,4.12,âœ…,0.354,5.93,âœ…,0.734,10.05,85.22,mobile_bed2b5e8-9102-405e-80f3-85207ed1bbf0,open high resolution 50mp mode
319,0.107,4,ğŸ«¥,1,0.277,4.09,âœ…,0.371,5.90,âœ…,0.755,9.99,85.27,mobile_bed2b5e8-9102-405e-80f3-85207ed1bbf0,take short video
320,0.105,4,ğŸ«¥,2,0.288,4.25,âœ…,0.399,7.28,âœ…,0.791,11.54,85.31,mobile_97ca06a1-8d37-4ece-b7ed-79517c61da2f,back to upper page
321,0.104,4,ğŸ«¥,2,0.283,4.28,âœ…,0.427,8.40,âœ…,0.814,12.68,85.36,mobile_97ca06a1-8d37-4ece-b7ed-79517c61da2f,display more details of the ai life app
322,0.107,2,ğŸ«¥,1,0.267,4.07,âœ…,0.479,10.28,âœ…,0.853,14.35,85.40,mobile_f6431461-6800-4054-a29d-d74b01514198,view security informations
323,0.108,2,ğŸ«¥,1,0.267,4.06,âœ…,0.476,10.28,âœ…,0.851,14.34,85.45,mobile_f6431461-6800-4054-a29d-d74b01514198,view settings
324,0.113,2,ğŸ«¥,2,0.267,4.07,âœ…,0.657,16.50,âœ…,1.037,20.57,85.49,mobile_b099c8b7-0ff4-404b-a1a2-10691a313a8b,open dynamic shot
325,0.113,2,ğŸ«¥,1,0.268,4.08,âœ…,0.507,11.12,âœ…,0.888,15.21,85.54,mobile_b099c8b7-0ff4-404b-a1a2-10691a313a8b,open hdr shoting mode
326,0.107,5,ğŸ«¥,1,0.290,4.12,âœ…,0.264,2.66,âœ…,0.662,6.77,85.58,mobile_8ed6041f-f845-4495-8ca6-def7f40471fd,start a private meeting
327,0.107,5,ğŸ«¥,1,0.286,4.12,âœ…,0.337,4.96,âœ…,0.730,9.08,85.63,mobile_8ed6041f-f845-4495-8ca6-def7f40471fd,go to next step
328,0.108,5,ğŸ«¥,4,0.294,4.29,âœ…,0.603,12.46,âœ…,1.005,16.76,85.67,mobile_13b715bb-dd6e-462c-80f3-3ea629b114c0,input to change the meeting's title
329,0.109,5,ğŸ«¥,1,0.284,4.31,âŒ,0.296,3.51,âŒ,0.689,7.82,85.41,mobile_13b715bb-dd6e-462c-80f3-3ea629b114c0,"turn off ""add meeting into calendar"" setting"
330,0.111,3,ğŸ«¥,1,0.277,4.12,âœ…,0.500,11.18,âœ…,0.887,15.30,85.45,mobile_53e09f46-876e-4552-9037-ae4ef338dad3,show all news&magzaines apps
331,0.108,3,ğŸ«¥,1,0.271,4.09,âœ…,0.260,2.39,âœ…,0.639,6.48,85.50,mobile_53e09f46-876e-4552-9037-ae4ef338dad3,show all games
332,0.132,2,ğŸ«¥,1,0.272,4.07,âœ…,0.360,6.26,âœ…,0.764,10.33,85.54,mobile_07c1d6c0-7f94-457e-94b4-1e855dc1aded,search games
333,0.109,5,ğŸ«¥,2,0.305,4.12,âŒ,0.362,5.94,âŒ,0.776,10.06,85.29,mobile_97752e81-d94b-49a1-8cb2-709395d63372,enter meeting id
334,0.106,5,ğŸ«¥,2,0.283,4.13,âœ…,0.306,4.08,âœ…,0.695,8.21,85.33,mobile_97752e81-d94b-49a1-8cb2-709395d63372,cancel the new meeting setting
335,0.110,5,ğŸ«¥,1,0.302,4.15,âŒ,0.299,3.79,âŒ,0.711,7.94,85.07,mobile_97752e81-d94b-49a1-8cb2-709395d63372,close mic when enter the online meeting room
336,0.108,2,ğŸ«¥,1,0.278,4.10,âœ…,0.414,7.69,âœ…,0.801,11.78,85.12,mobile_6049f1b2-a8b8-4e39-bbac-ddd647cd3248,display noticfications
337,0.108,2,ğŸ«¥,1,0.278,4.11,âœ…,0.415,7.70,âœ…,0.801,11.81,85.16,mobile_6049f1b2-a8b8-4e39-bbac-ddd647cd3248,arrange a meeting in schedula
338,0.108,2,ğŸ«¥,1,0.278,4.08,âœ…,0.415,7.68,âœ…,0.800,11.76,85.21,mobile_6049f1b2-a8b8-4e39-bbac-ddd647cd3248,join a meeting
339,0.107,3,ğŸ«¥,1,0.291,4.25,âœ…,0.307,4.05,âœ…,0.705,8.30,85.25,mobile_b92938f8-6822-49e4-9612-67debab64e9d,view settings
340,0.103,3,ğŸ«¥,1,0.283,4.26,âœ…,0.299,4.06,âœ…,0.685,8.31,85.29,mobile_b92938f8-6822-49e4-9612-67debab64e9d,view more functions
341,0.103,3,ğŸ«¥,1,0.293,4.26,âœ…,0.300,4.06,âœ…,0.696,8.32,85.34,mobile_b92938f8-6822-49e4-9612-67debab64e9d,display phone files
342,0.107,5,ğŸ«¥,1,0.282,4.13,âœ…,0.307,4.37,âŒ,0.696,8.50,85.09,mobile_aacb7bd4-e54a-4798-876a-eef079e17b2d,display public ip address
343,0.107,5,ğŸ«¥,1,0.282,4.14,âœ…,0.320,4.37,âœ…,0.709,8.51,85.13,mobile_aacb7bd4-e54a-4798-876a-eef079e17b2d,turn off rule-based mode
344,0.113,2,ğŸ«¥,1,0.271,4.10,âœ…,0.286,3.78,âœ…,0.670,7.87,85.17,mobile_674f6746-05c0-4e7d-93de-adf054f0eaf6,post a new article
345,0.112,2,ğŸ«¥,1,0.270,4.08,âœ…,0.548,12.09,âœ…,0.930,16.17,85.22,mobile_674f6746-05c0-4e7d-93de-adf054f0eaf6,play music
346,0.118,2,ğŸ«¥,2,0.271,4.25,âœ…,0.657,16.76,âœ…,1.046,21.01,85.26,mobile_b7323848-f2e7-492c-95aa-e33e731ff196,scan qr code
347,0.118,2,ğŸ«¥,1,0.271,4.25,âœ…,0.365,6.64,âœ…,0.755,10.89,85.30,mobile_b7323848-f2e7-492c-95aa-e33e731ff196,open night mode
348,0.118,2,ğŸ«¥,1,0.271,4.25,âœ…,0.366,6.64,âœ…,0.755,10.88,85.34,mobile_b7323848-f2e7-492c-95aa-e33e731ff196,stop timer
349,0.106,2,ğŸ«¥,1,0.271,4.25,âœ…,0.725,10.43,âœ…,1.102,14.68,85.39,mobile_35351ad5-e887-4f0c-8e11-b0ae43776394,log in 
350,0.105,2,ğŸ«¥,1,0.271,4.24,âœ…,0.476,10.42,âœ…,0.852,14.67,85.43,mobile_35351ad5-e887-4f0c-8e11-b0ae43776394,register
351,0.115,5,ğŸ«¥,1,0.290,4.31,âœ…,0.291,3.50,âœ…,0.697,7.81,85.47,mobile_5beaa36a-b6a1-44ee-9684-0d0b8afd0c0b,exchange target and source city
352,0.116,5,ğŸ«¥,1,0.296,4.29,âœ…,0.295,3.49,âœ…,0.707,7.78,85.51,mobile_5beaa36a-b6a1-44ee-9684-0d0b8afd0c0b,search the tickets
353,0.118,5,ğŸ«¥,1,0.296,4.31,âœ…,0.295,3.50,âœ…,0.709,7.81,85.55,mobile_5beaa36a-b6a1-44ee-9684-0d0b8afd0c0b,show high-speed track only
354,0.123,5,ğŸ«¥,3,0.288,4.35,âœ…,0.392,7.10,âœ…,0.803,11.45,85.59,mobile_a1c4c142-4b8e-4db8-a74f-f84f047cbf46,persuit 9.95 CNY as telephone fee
355,0.123,5,ğŸ«¥,3,0.290,4.34,âœ…,0.399,7.08,âŒ,0.812,11.41,85.35,mobile_a1c4c142-4b8e-4db8-a74f-f84f047cbf46,pay 99 rmb for telephone bill
356,0.126,5,ğŸ«¥,1,0.286,4.31,âœ…,0.283,3.50,âœ…,0.694,7.80,85.39,mobile_a1c4c142-4b8e-4db8-a74f-f84f047cbf46,back to upper page
357,0.125,2,ğŸ«¥,1,0.273,4.26,âœ…,0.353,5.31,âœ…,0.751,9.57,85.43,mobile_8d60dcfe-4771-4a34-9053-9195df7264c9,log out
358,0.140,2,ğŸ«¥,1,0.595,4.27,âœ…,0.342,5.33,âœ…,1.077,9.60,85.47,mobile_8d60dcfe-4771-4a34-9053-9195df7264c9,view data add ons
359,0.246,2,ğŸ«¥,1,0.289,4.27,âœ…,0.478,10.08,âœ…,1.014,14.35,85.52,mobile_8d60dcfe-4771-4a34-9053-9195df7264c9,display phone billings
360,0.220,2,ğŸ«¥,1,0.576,4.26,âœ…,0.848,10.49,âœ…,1.644,14.76,85.56,mobile_791a59b0-e0dd-452f-b3c3-94238f7636f0,start speed test
361,0.108,2,ğŸ«¥,1,0.278,4.27,âœ…,0.490,10.50,âœ…,0.876,14.77,85.60,mobile_791a59b0-e0dd-452f-b3c3-94238f7636f0,display more options
362,0.121,2,ğŸ«¥,1,0.281,4.26,âœ…,0.339,5.00,âœ…,0.741,9.26,85.64,mobile_791a59b0-e0dd-452f-b3c3-94238f7636f0,display map
363,0.128,2,ğŸ«¥,1,0.281,4.10,âœ…,0.301,3.77,âœ…,0.710,7.87,85.67,mobile_71a65a77-a4ba-4853-9530-5e781cbbaa67,continue
364,0.129,2,ğŸ«¥,2,0.292,4.11,âœ…,0.674,16.47,âœ…,1.094,20.58,85.71,mobile_71a65a77-a4ba-4853-9530-5e781cbbaa67,show policy agreement
365,0.124,2,ğŸ«¥,1,0.278,4.11,âœ…,0.526,11.80,âœ…,0.928,15.91,85.75,mobile_48d10f78-a92e-43fb-ace1-c1a4f5bccb90,deny privacy terms
366,0.124,2,ğŸ«¥,1,0.276,4.14,âœ…,0.537,11.83,âœ…,0.937,15.97,85.79,mobile_48d10f78-a92e-43fb-ace1-c1a4f5bccb90,allow all require while use this app
367,0.126,2,ğŸ«¥,1,0.281,4.13,âœ…,0.520,11.83,âœ…,0.927,15.96,85.83,mobile_48d10f78-a92e-43fb-ace1-c1a4f5bccb90,only allow accessing of approximate location
368,0.107,2,ğŸ«¥,1,0.282,4.26,âœ…,0.343,5.00,âœ…,0.732,9.26,85.87,mobile_d9e451e3-6238-496f-8cc4-37e019e1a9c3,done
369,0.141,2,ğŸ«¥,1,0.277,4.13,âœ…,0.421,7.44,âœ…,0.840,11.57,85.91,mobile_41049254-5e60-485c-b974-174ad6e98bd0,edit the overlay of this page
370,0.141,2,ğŸ«¥,1,0.277,4.12,âœ…,0.405,7.42,âœ…,0.823,11.53,85.95,mobile_41049254-5e60-485c-b974-174ad6e98bd0,return to homepage
371,0.122,2,ğŸ«¥,1,0.287,4.29,âœ…,0.424,7.43,âœ…,0.833,11.72,85.98,mobile_b4e274d0-a7b6-4cad-97ee-5581ef41c6a0,open my own twitch group
372,0.122,2,ğŸ«¥,1,0.283,4.28,âœ…,0.413,7.43,âœ…,0.818,11.72,86.02,mobile_b4e274d0-a7b6-4cad-97ee-5581ef41c6a0,join a twitch server
373,0.122,2,ğŸ«¥,1,0.282,4.29,âœ…,0.406,7.43,âŒ,0.809,11.72,85.79,mobile_b4e274d0-a7b6-4cad-97ee-5581ef41c6a0,use school group template
374,0.111,3,ğŸ«¥,1,0.291,4.30,âœ…,0.301,3.80,âœ…,0.703,8.10,85.83,mobile_508e7610-9e30-4626-9ea3-37bf194cb1dd,type my email address
375,0.110,3,ğŸ«¥,1,0.623,4.29,âœ…,0.303,3.79,âœ…,1.037,8.09,85.87,mobile_508e7610-9e30-4626-9ea3-37bf194cb1dd,display more information
376,0.140,3,ğŸ«¥,1,0.291,4.29,âœ…,0.367,6.02,âœ…,0.798,10.32,85.90,mobile_508e7610-9e30-4626-9ea3-37bf194cb1dd,close this window
377,0.183,3,ğŸ«¥,1,0.580,4.13,âœ…,0.405,7.43,âœ…,1.168,11.56,85.94,mobile_5c444b03-c5ca-41d8-b4cb-e12f4f4a4387,open settings
378,0.112,3,ğŸ«¥,1,0.279,4.14,âœ…,0.401,7.45,âœ…,0.793,11.59,85.98,mobile_5c444b03-c5ca-41d8-b4cb-e12f4f4a4387,search in this app
379,0.111,3,ğŸ«¥,1,0.282,4.14,âœ…,0.405,7.45,âœ…,0.798,11.58,86.02,mobile_5c444b03-c5ca-41d8-b4cb-e12f4f4a4387,view mute channel
380,0.110,2,ğŸ«¥,1,0.280,4.28,âœ…,0.382,6.72,âœ…,0.772,11.00,86.05,mobile_f0b711c8-ab3c-4af5-b43b-452a718637ae,add status
381,0.113,2,ğŸ«¥,1,0.279,4.28,âœ…,0.384,6.72,âœ…,0.776,11.00,86.09,mobile_f0b711c8-ab3c-4af5-b43b-452a718637ae,check settings
382,0.118,4,ğŸ«¥,1,0.287,4.17,âœ…,0.279,3.24,âœ…,0.684,7.41,86.13,mobile_b84d7f20-7c25-4613-829f-6c620e223593,close the new message notification bar
383,0.119,4,ğŸ«¥,1,0.285,4.15,âœ…,0.278,3.22,âœ…,0.681,7.36,86.16,mobile_b84d7f20-7c25-4613-829f-6c620e223593,show news
384,0.118,4,ğŸ«¥,2,0.289,4.18,âœ…,0.481,9.84,âŒ,0.887,14.02,85.94,mobile_b84d7f20-7c25-4613-829f-6c620e223593,add a fire emoji in the post
385,0.109,3,ğŸ«¥,1,0.285,4.14,âœ…,0.388,7.09,âŒ,0.782,11.23,85.71,mobile_1931c317-b01b-46c9-8c28-a5b81ad5495b,copy text
386,0.109,3,ğŸ«¥,1,0.281,4.14,âœ…,0.351,5.70,âŒ,0.741,9.85,85.49,mobile_1931c317-b01b-46c9-8c28-a5b81ad5495b,add a emoji
387,0.114,3,ğŸ«¥,1,0.622,4.31,âœ…,0.384,6.74,âœ…,1.121,11.05,85.53,mobile_df977636-55ed-4c99-8ff1-569ef8e6c78a,scan qr code
388,0.115,3,ğŸ«¥,1,0.288,4.33,âœ…,0.381,6.77,âŒ,0.783,11.11,85.31,mobile_df977636-55ed-4c99-8ff1-569ef8e6c78a,tap the icon for displaying more functional
389,0.114,3,ğŸ«¥,1,0.297,4.30,âœ…,0.390,6.74,âœ…,0.802,11.05,85.35,mobile_df977636-55ed-4c99-8ff1-569ef8e6c78a,transfer money
390,0.112,3,ğŸ«¥,1,0.278,4.14,âœ…,0.275,3.22,âœ…,0.665,7.36,85.38,mobile_c988d05c-1c6d-4b0d-aacb-eafb866320fb,check settings
391,0.112,3,ğŸ«¥,1,0.608,4.16,âœ…,0.403,7.49,âœ…,1.123,11.65,85.42,mobile_c988d05c-1c6d-4b0d-aacb-eafb866320fb,post a new tweet
392,0.113,3,ğŸ«¥,1,0.280,4.15,âœ…,0.404,7.49,âœ…,0.796,11.64,85.46,mobile_c988d05c-1c6d-4b0d-aacb-eafb866320fb,show all messages
393,0.108,2,ğŸ«¥,1,0.280,4.31,âœ…,0.478,10.27,âœ…,0.865,14.58,85.50,mobile_8f5ecfa3-33b9-4306-bc67-87aacadfc45b,go back to previous page
394,0.113,2,ğŸ«¥,1,0.279,4.37,âœ…,0.478,10.33,âœ…,0.870,14.69,85.53,mobile_8f5ecfa3-33b9-4306-bc67-87aacadfc45b,disable the setting of playing video and gif in wi...
395,0.108,2,ğŸ«¥,1,0.281,4.33,âœ…,0.480,10.29,âœ…,0.869,14.62,85.57,mobile_8f5ecfa3-33b9-4306-bc67-87aacadfc45b,change the language to be translated into
396,0.107,4,ğŸ«¥,1,0.294,4.17,âœ…,0.333,4.74,âœ…,0.734,8.92,85.61,mobile_a84e2cd2-1d45-42c1-8e2e-5c06fa3419af,share to weibo
397,0.107,4,ğŸ«¥,1,0.289,4.17,âœ…,0.334,4.74,âœ…,0.731,8.91,85.64,mobile_a84e2cd2-1d45-42c1-8e2e-5c06fa3419af,share to twitter
398,0.108,4,ğŸ«¥,1,0.291,4.18,âœ…,0.335,4.75,âœ…,0.734,8.92,85.68,mobile_a84e2cd2-1d45-42c1-8e2e-5c06fa3419af,copy link to share
399,0.113,3,ğŸ«¥,1,0.285,4.18,âœ…,0.845,9.90,âŒ,1.242,14.08,85.46,mobile_99daacb4-408c-4cdf-8f14-2c01675fda1f,Set to use the largest font size
400,0.113,3,ğŸ«¥,1,0.287,4.17,âœ…,0.465,9.89,âœ…,0.864,14.06,85.50,mobile_99daacb4-408c-4cdf-8f14-2c01675fda1f,enable dark mode follow system
401,0.113,3,ğŸ«¥,1,0.286,4.17,âœ…,0.267,2.68,âœ…,0.666,6.85,85.54,mobile_99daacb4-408c-4cdf-8f14-2c01675fda1f,return to upper page
402,0.118,3,ğŸ«¥,1,0.280,4.17,âœ…,0.460,9.48,âœ…,0.858,13.65,85.57,mobile_597cf265-2586-43ab-8048-99e06141f39f,fold the shown post
403,0.114,2,ğŸ«¥,1,0.278,4.15,âœ…,0.557,12.97,âœ…,0.949,17.12,85.61,mobile_7618dc0d-3998-4dd2-82db-86df2cc97da3,filter unread feeds
404,0.114,2,ğŸ«¥,1,0.279,4.16,âœ…,0.555,12.98,âœ…,0.947,17.14,85.64,mobile_7618dc0d-3998-4dd2-82db-86df2cc97da3,filter group weibo
405,0.113,2,ğŸ«¥,1,0.281,4.16,âœ…,0.290,3.53,âœ…,0.684,7.69,85.68,mobile_7618dc0d-3998-4dd2-82db-86df2cc97da3,create a new post
406,0.120,2,ğŸ«¥,1,0.279,4.15,âœ…,0.409,7.53,âœ…,0.808,11.68,85.71,mobile_c3af996a-2d6c-47c2-ba3d-aae699016f0e,switch off sounds
407,0.115,2,ğŸ«¥,1,0.279,4.32,âœ…,0.272,2.96,âœ…,0.666,7.28,85.75,mobile_bce7a892-9cb2-432a-b678-2429d4f51d3d,show all downloading apps
408,0.115,2,ğŸ«¥,2,0.279,4.32,âœ…,0.676,17.50,âŒ,1.070,21.81,85.54,mobile_bce7a892-9cb2-432a-b678-2429d4f51d3d,show softwares
409,0.125,2,ğŸ«¥,1,0.277,4.16,âœ…,0.416,7.93,âœ…,0.817,12.09,85.57,mobile_daf338f0-ebfc-488e-9a55-f8cc03394148,view all folded apps
410,0.115,4,ğŸ«¥,3,0.284,4.17,âœ…,0.610,13.51,âœ…,1.009,17.69,85.61,mobile_31f8a5c2-e28a-488c-bb28-a31c823c9c83,open cleaner
411,0.119,2,ğŸ«¥,1,0.286,4.33,âœ…,0.444,9.11,âœ…,0.848,13.44,85.64,mobile_6ad7dd8f-82d3-4e73-b437-667dc1b24574,add a new device
412,0.119,2,ğŸ«¥,1,0.288,4.36,âœ…,0.442,9.15,âœ…,0.849,13.51,85.68,mobile_6ad7dd8f-82d3-4e73-b437-667dc1b24574,tap a button to open table lamp in bedroom
413,0.112,3,ğŸ«¥,1,0.301,4.51,âœ…,0.399,7.15,âœ…,0.812,11.65,85.71,mobile_5a0b24f9-66fe-4593-bcf5-4752d5332bcf,turn on data roaming
414,0.114,3,ğŸ«¥,1,0.298,4.50,âœ…,0.405,7.14,âœ…,0.817,11.64,85.75,mobile_5a0b24f9-66fe-4593-bcf5-4752d5332bcf,back to cellular
415,0.115,2,ğŸ«¥,1,0.297,4.50,âœ…,0.625,15.91,âœ…,1.038,20.41,85.78,mobile_9bbed1c6-3a9f-46ea-b2d3-39ae8abde54e,view last month cellular data
416,0.115,2,ğŸ«¥,2,0.301,4.48,âœ…,0.820,21.33,âœ…,1.236,25.82,85.82,mobile_9bbed1c6-3a9f-46ea-b2d3-39ae8abde54e,select network
417,0.119,2,ğŸ«¥,1,0.303,4.52,âœ…,0.631,15.95,âœ…,1.054,20.47,85.85,mobile_9bbed1c6-3a9f-46ea-b2d3-39ae8abde54e,check the usage of cellular of wechat
418,0.182,2,ğŸ«¥,2,0.302,4.49,âœ…,0.819,22.02,âœ…,1.303,26.51,85.89,mobile_6bfcd1af-894e-4c63-b1c1-c5fabf589029,view social apps
419,0.184,2,ğŸ«¥,1,0.305,4.50,âœ…,0.402,7.16,âœ…,0.891,11.66,85.92,mobile_6bfcd1af-894e-4c63-b1c1-c5fabf589029,search in app library
420,0.187,2,ğŸ«¥,1,0.305,4.49,âœ…,0.538,11.69,âœ…,1.029,16.19,85.95,mobile_6bfcd1af-894e-4c63-b1c1-c5fabf589029,view travel apps
421,0.118,2,ğŸ«¥,1,0.295,4.50,âœ…,0.576,13.76,âœ…,0.989,18.25,85.99,mobile_59fde6e1-8df2-4009-ad8d-aa44bffd2bf2,cancel password input
422,0.113,2,ğŸ«¥,1,0.301,4.49,âœ…,0.605,14.84,âœ…,1.019,19.33,86.02,mobile_46f8e4b9-c563-43f2-a651-4b1e80ee9907,switch language
423,0.113,2,ğŸ«¥,2,0.298,4.50,âœ…,1.133,21.46,âŒ,1.544,25.96,85.82,mobile_46f8e4b9-c563-43f2-a651-4b1e80ee9907,open app automatic download
424,0.113,2,ğŸ«¥,1,0.298,4.52,âœ…,0.605,14.89,âœ…,1.016,19.41,85.85,mobile_46f8e4b9-c563-43f2-a651-4b1e80ee9907,turn off the app automatic update
425,0.113,2,ğŸ«¥,1,0.298,4.49,âœ…,0.604,14.87,âœ…,1.015,19.36,85.88,mobile_46f8e4b9-c563-43f2-a651-4b1e80ee9907,set notifications
426,0.118,2,ğŸ«¥,1,0.282,4.38,âœ…,0.568,13.32,âœ…,0.968,17.70,85.92,mobile_c47a7b32-1c13-414c-af34-f8ec2c7a0731,tap the toggle switch to open automatic download w...
427,0.119,2,ğŸ«¥,1,0.279,4.34,âœ…,0.893,13.28,âœ…,1.290,17.61,85.95,mobile_c47a7b32-1c13-414c-af34-f8ec2c7a0731,back to settings
428,0.118,2,ğŸ«¥,1,0.280,4.34,âœ…,0.365,5.98,âœ…,0.763,10.32,85.98,mobile_c47a7b32-1c13-414c-af34-f8ec2c7a0731,check personalized recommendations
429,0.133,2,ğŸ«¥,1,0.280,4.34,âœ…,0.455,9.36,âœ…,0.868,13.70,86.01,mobile_8a1fada9-3afa-4eb7-8cef-8896bb2ab30e,view books setting
430,0.133,2,ğŸ«¥,2,0.281,4.35,âœ…,0.820,22.23,âŒ,1.234,26.58,85.81,mobile_8a1fada9-3afa-4eb7-8cef-8896bb2ab30e,check settings of apple store
431,0.133,2,ğŸ«¥,1,0.280,4.35,âœ…,0.791,9.37,âœ…,1.204,13.72,85.85,mobile_8a1fada9-3afa-4eb7-8cef-8896bb2ab30e,check feishu
432,0.176,2,ğŸ«¥,1,0.299,4.53,âœ…,0.604,14.96,âœ…,1.079,19.49,85.88,mobile_16545bc1-c614-4dc3-a81c-3d349a93e07d,View AirPods playback setting
433,0.177,2,ğŸ«¥,1,0.299,4.52,âœ…,0.616,14.96,âœ…,1.091,19.49,85.91,mobile_16545bc1-c614-4dc3-a81c-3d349a93e07d,tap to scan qr code
434,0.148,2,ğŸ«¥,2,0.298,4.54,âœ…,0.798,21.65,âŒ,1.245,26.19,85.71,mobile_b550b4ed-79ce-446a-a1c3-a164b314bfe8,check out jony j's album
435,0.143,2,ğŸ«¥,1,0.285,4.54,âœ…,0.696,9.41,âœ…,1.123,13.95,85.75,mobile_6e041214-1095-476a-8779-04db83de5781,add a new song to the album
436,0.139,2,ğŸ«¥,1,0.284,4.51,âœ…,0.433,8.93,âœ…,0.855,13.45,85.78,mobile_6e041214-1095-476a-8779-04db83de5781,play this album
437,0.144,4,ğŸ«¥,1,0.287,4.37,âœ…,0.357,6.00,âœ…,0.787,10.37,85.81,mobile_f6313b8a-4258-47d1-97af-7868e04979a4,pause the music
438,0.142,4,ğŸ«¥,1,0.286,4.37,âœ…,0.369,6.00,âœ…,0.796,10.38,85.84,mobile_f6313b8a-4258-47d1-97af-7868e04979a4,play next song
439,0.140,3,ğŸ«¥,1,0.293,4.53,âœ…,0.300,3.83,âœ…,0.733,8.36,85.88,mobile_ec01cb13-de9a-4a4b-9a79-5f810b034474,use airplay
440,0.140,3,ğŸ«¥,1,0.292,4.54,âœ…,0.308,3.84,âœ…,0.740,8.38,85.91,mobile_ec01cb13-de9a-4a4b-9a79-5f810b034474,check the play list
441,0.131,3,ğŸ«¥,1,0.283,4.40,âœ…,0.497,11.36,âœ…,0.911,15.76,85.94,mobile_e550d5f2-308d-4027-ad04-8c2ba9e8d2d1,play the opening the channel (mixed)
442,0.148,2,ğŸ«¥,2,0.285,4.53,âœ…,0.797,22.43,âœ…,1.231,26.96,85.97,mobile_86bad4a5-d11b-4f2d-b367-5180a49ca4b5,view all country musics
443,0.149,2,ğŸ«¥,1,0.286,4.55,âœ…,0.906,17.38,âœ…,1.341,21.93,86.00,mobile_86bad4a5-d11b-4f2d-b367-5180a49ca4b5,check out the yeedm album
444,0.146,4,ğŸ«¥,3,0.291,4.39,âœ…,0.527,11.89,âŒ,0.964,16.28,85.81,mobile_88d4e5a0-ca4e-4dc7-9b43-1932dc5aa896,add this song to library
445,0.146,4,ğŸ«¥,1,0.290,4.39,âŒ,0.321,4.89,âŒ,0.758,9.28,85.62,mobile_88d4e5a0-ca4e-4dc7-9b43-1932dc5aa896,share song with someone
446,0.146,4,ğŸ«¥,1,0.290,4.40,âœ…,0.392,7.25,âœ…,0.827,11.64,85.65,mobile_88d4e5a0-ca4e-4dc7-9b43-1932dc5aa896,add this song to favorite
447,0.143,2,ğŸ«¥,1,0.285,4.53,âœ…,0.543,12.91,âŒ,0.972,17.44,85.46,mobile_c9fe8f06-aa80-4f6a-abe2-5886567fdea3,switch to song lyric
448,0.143,2,ğŸ«¥,1,0.285,4.54,âœ…,0.355,6.04,âœ…,0.782,10.58,85.49,mobile_c9fe8f06-aa80-4f6a-abe2-5886567fdea3,switch to shuffle play music
449,0.142,2,ğŸ«¥,1,0.292,4.54,âœ…,0.361,6.04,âœ…,0.795,10.58,85.52,mobile_c9fe8f06-aa80-4f6a-abe2-5886567fdea3,switch to sequential music playback
450,0.197,2,ğŸ«¥,2,0.336,5.91,âœ…,1.057,31.77,âœ…,1.590,37.68,85.56,mobile_02e9bl,view the photo pictured in Apr 11
451,0.170,2,ğŸ«¥,1,0.323,6.27,âŒ,0.420,8.06,âŒ,0.913,14.33,85.37,mobile_0ze76a,share this stock
452,0.140,3,ğŸ«¥,1,0.327,5.38,âœ…,0.442,8.76,âœ…,0.909,14.14,85.40,mobile_456lbi,close this window
453,0.205,2,ğŸ«¥,1,0.329,5.90,âœ…,0.491,10.23,âœ…,1.025,16.14,85.43,mobile_47gvof,Modify the alarm sound when timer ends
454,0.153,2,ğŸ«¥,1,0.316,5.58,âœ…,0.854,24.57,âœ…,1.323,30.15,85.46,mobile_4kk4kc,view the TCP settings
455,0.149,3,ğŸ«¥,1,0.324,5.60,âœ…,0.373,6.45,âœ…,0.846,12.04,85.49,mobile_4yoej9,log in with google account
456,0.249,2,ğŸ«¥,1,0.326,6.28,âœ…,0.510,11.21,âŒ,1.085,17.49,85.31,mobile_51nu75,switch to uppercase input
457,0.170,2,ğŸ«¥,1,0.337,6.28,âœ…,0.291,3.70,âœ…,0.798,9.98,85.34,mobile_51vhbq,refresh this page
458,0.303,2,ğŸ«¥,1,0.339,6.30,âœ…,0.683,19.13,âŒ,1.325,25.44,85.15,mobile_5a33tm,view the calandar 
459,0.171,2,ğŸ«¥,1,0.570,5.60,âŒ,0.533,13.14,âŒ,1.274,18.75,84.97,mobile_6edzq7,switch on automatic downloads using cellular data
460,0.161,2,ğŸ«¥,1,0.305,5.37,âœ…,0.518,11.97,âœ…,0.985,17.34,85.00,mobile_7ug1dm,send feedback
461,0.139,2,ğŸ«¥,1,0.313,5.61,âœ…,0.669,17.53,âœ…,1.121,23.14,85.03,mobile_7us4hm,create a movie project from scratch 
462,0.261,2,ğŸ«¥,1,0.338,6.30,âœ…,0.703,19.17,âŒ,1.302,25.47,84.85,mobile_8u6mj9,Adjust the camera focus
463,0.156,3,ğŸ«¥,1,0.572,5.62,âœ…,0.480,10.38,âœ…,1.208,16.00,84.88,mobile_9go02u,locate the record of lap 3
464,0.141,2,ğŸ«¥,1,0.333,6.30,âœ…,0.525,12.28,âœ…,0.999,18.58,84.91,mobile_anffus,start a new recording
465,0.156,4,ğŸ«¥,1,0.355,5.61,âœ…,0.496,11.45,âœ…,1.007,17.06,84.95,mobile_ax0vnf,show more awards
466,0.149,2,ğŸ«¥,1,0.314,5.60,âœ…,0.349,5.60,âœ…,0.811,11.20,84.98,mobile_bin70f,enable associated domains development
467,0.153,3,ğŸ«¥,1,0.308,5.41,âœ…,0.617,16.27,âœ…,1.078,21.68,85.01,mobile_bojubn,pause the playing music
468,0.162,2,ğŸ«¥,1,0.327,6.33,âœ…,0.541,12.32,âœ…,1.030,18.65,85.04,mobile_c9n6vg,switch the service to onedrive
469,0.160,5,ğŸ«¥,1,0.345,6.35,âœ…,0.352,5.14,âœ…,0.857,11.49,85.07,mobile_d6m47l,view all my devices
470,0.161,2,ğŸ«¥,1,0.306,5.22,âœ…,0.353,5.61,âœ…,0.820,10.83,85.11,mobile_de4puu,turn on the flashlight
471,0.142,2,ğŸ«¥,2,0.312,5.64,âœ…,1.058,29.00,âœ…,1.512,34.64,85.14,mobile_drmphj,check out the information of restaurants in  Disne...
472,0.162,2,ğŸ«¥,1,0.334,5.92,âœ…,0.514,11.30,âœ…,1.010,17.22,85.17,mobile_ei9pzn,switch on airplane mode
473,0.232,2,ğŸ«¥,1,0.336,6.07,âœ…,0.824,19.68,âœ…,1.393,25.75,85.20,mobile_ezvzt1,scan the qr code
474,0.315,6,ğŸ«¥,4,0.329,5.65,âœ…,0.572,13.86,âŒ,1.216,19.52,85.02,mobile_f4j7l5,update Google chrome
475,0.324,2,ğŸ«¥,1,0.461,6.35,âœ…,0.510,10.35,âœ…,1.295,16.70,85.05,mobile_fgypk7,disallow notability to access my microphone
476,0.182,2,ğŸ«¥,1,0.332,5.63,âœ…,0.615,14.47,âœ…,1.130,20.10,85.08,mobile_ghbnwh,Modify DiDi's location permission
477,0.210,2,ğŸ«¥,1,0.326,5.62,âœ…,0.860,23.45,âœ…,1.397,29.07,85.12,mobile_gtq93d,display notifications as list format
478,0.165,2,ğŸ«¥,1,0.325,5.64,âœ…,0.704,19.10,âœ…,1.193,24.74,85.15,mobile_gxel80,adjust the preferred language for hearthstone
479,0.140,4,ğŸ«¥,1,0.668,5.27,âœ…,0.415,7.34,âœ…,1.223,12.61,85.18,mobile_hydu17,exclude the control of calculator
480,0.146,2,ğŸ«¥,1,0.323,5.62,âœ…,0.385,6.06,âœ…,0.854,11.68,85.21,mobile_inxnbt,view open source software
481,0.149,3,ğŸ«¥,1,0.324,5.43,âœ…,0.515,10.99,âœ…,0.987,16.42,85.24,mobile_je83pz,view my reading list
482,0.175,2,ğŸ«¥,1,0.339,6.34,âœ…,0.710,17.72,âœ…,1.224,24.06,85.27,mobile_kxukat,add a new reminder
483,0.219,2,ğŸ«¥,1,0.338,6.39,âœ…,0.732,19.52,âœ…,1.289,25.91,85.30,mobile_lgsxb6,view more information of Fudan University attached...
484,0.145,3,ğŸ«¥,1,0.334,5.66,âœ…,0.695,18.48,âœ…,1.174,24.14,85.33,mobile_ly188d,"choose my country as US, English"
485,0.153,4,ğŸ«¥,1,0.337,5.65,âœ…,0.415,7.43,âœ…,0.905,13.08,85.36,mobile_macajw,disallow friend requests
486,0.146,2,ğŸ«¥,1,0.327,5.64,âœ…,0.850,23.60,âœ…,1.323,29.24,85.39,mobile_oap5oc,view more details about nutrition
487,0.163,2,ğŸ«¥,1,0.326,5.64,âœ…,0.706,19.20,âœ…,1.195,24.83,85.42,mobile_pouj3h,check my recently deleted message
488,0.273,2,ğŸ«¥,1,0.346,5.96,âœ…,0.460,9.43,âŒ,1.079,15.40,85.25,mobile_q24p8x,switch the temperature display to Fahrenheit
489,0.148,4,ğŸ«¥,1,0.327,5.67,âœ…,0.377,6.09,âœ…,0.852,11.76,85.28,mobile_r2v2ix,select snoopy as watch face
490,0.317,2,ğŸ«¥,1,0.329,5.96,âœ…,0.642,15.83,âœ…,1.288,21.79,85.31,mobile_rhb1da,Open the Magnifier app
491,0.220,3,ğŸ«¥,1,0.350,6.38,âœ…,0.446,8.51,âœ…,1.015,14.89,85.34,mobile_rwsoe7,view more information about visibility
492,0.169,2,ğŸ«¥,1,0.322,5.44,âœ…,0.554,13.37,âœ…,1.045,18.82,85.37,mobile_rxb2i5,add this note to favorites
493,0.148,4,ğŸ«¥,1,0.351,5.68,âŒ,1.140,12.79,âŒ,1.639,18.47,85.19,mobile_vqzf88,check the weather of ottawa
494,0.145,3,ğŸ«¥,1,0.328,5.45,âœ…,0.618,14.61,âœ…,1.090,20.06,85.22,mobile_wn61sa,switch on overwrite server
495,0.149,2,ğŸ«¥,2,0.318,5.44,âœ…,1.043,30.36,âœ…,1.511,35.79,85.25,mobile_y6mqo1,open app store
496,0.223,2,ğŸ«¥,1,0.332,6.37,âŒ,0.396,5.96,âŒ,0.951,12.33,85.08,mobile_y8n283,unlock the zoom 
497,0.168,3,ğŸ«¥,1,0.351,6.39,âœ…,0.464,9.47,âœ…,0.983,15.86,85.11,mobile_yoaurq,add a new preferred language
498,0.145,5,ğŸ«¥,1,0.344,5.90,âœ…,0.399,7.00,âœ…,0.888,12.91,85.14,mobile_z0bava,check my qq coins 
499,0.136,2,ğŸ«¥,1,0.318,5.27,âœ…,0.355,4.87,âœ…,0.809,10.14,85.17,mobile_zigyqt,Check the latest QQ notification
500,0.156,2,ğŸ«¥,1,0.351,6.38,âœ…,0.596,14.74,âœ…,1.103,21.12,85.20,mobile_zn2mmo,add a new alarm
501,0.332,2,ğŸ«¥,1,0.352,6.39,âœ…,0.703,19.69,âœ…,1.388,26.08,85.23,mobile_zvu1nq,open the doc named Vclass
